company,name,model,link_x_x,size,link_y_x,link_x_y,freq,link_y_y
Adata,Adata AD4U2400J4G17-R Desktop Ram Premier Series 4GB (4GBx1) DDR4 2400MHz,AD4U2400J4G17-R ,pcpricetracker.in/gen/products/67c35442a5ecfe63a4693d44762c110c,4GB ,pcpricetracker.in/gen/products/67c35442a5ecfe63a4693d44762c110c,pcpricetracker.in/gen/products/67c35442a5ecfe63a4693d44762c110c,2400MHz,pcpricetracker.in/gen/products/67c35442a5ecfe63a4693d44762c110c
Adata,ADATA XPG Flame Series 8GB (8GBx1) DDR4 2666MHz Laptop Memory AX4S266638G18-SBF,AX4S266638G18-SBF,pcpricetracker.in/gen/products/e699a393147d79857dfb2a8db0a1b904,8GB ,pcpricetracker.in/gen/products/e699a393147d79857dfb2a8db0a1b904,pcpricetracker.in/gen/products/e699a393147d79857dfb2a8db0a1b904,2666MHz ,pcpricetracker.in/gen/products/e699a393147d79857dfb2a8db0a1b904
Adata,Adata AX4U3000316G16A-DT60 Desktop Ram XPG Spectrix D60G Series 32GB (16GBX2) DDR4 3000MHz RGB,AX4U3000316G16A-DT60 ,pcpricetracker.in/gen/products/692114603bea4a1e05f4f4ae7281428f,32GB ,pcpricetracker.in/gen/products/692114603bea4a1e05f4f4ae7281428f,pcpricetracker.in/gen/products/692114603bea4a1e05f4f4ae7281428f,3000MHz ,pcpricetracker.in/gen/products/692114603bea4a1e05f4f4ae7281428f
Adata,Adata AX4U3000316G16A-SR30 Desktop Ram XPG Gammix D30 Series 16GB (16GBX1) DDR4 3000MHz Red,AX4U3000316G16A-SR30 ,pcpricetracker.in/gen/products/c403353da0618ec0795d6e7ada5f2525,16GB ,pcpricetracker.in/gen/products/c403353da0618ec0795d6e7ada5f2525,pcpricetracker.in/gen/products/c403353da0618ec0795d6e7ada5f2525,3000MHz ,pcpricetracker.in/gen/products/c403353da0618ec0795d6e7ada5f2525
Adata,Adata AX4U3000316G16A-ST60 Desktop Ram XPG Spectrix D60G Series 16GB (16GBx1) DDR4 3000MHz RGB,AX4U3000316G16A-ST60 ,pcpricetracker.in/gen/products/1396c5187f3d0a5a6d0b90dd53f770bd,16GB ,pcpricetracker.in/gen/products/1396c5187f3d0a5a6d0b90dd53f770bd,pcpricetracker.in/gen/products/1396c5187f3d0a5a6d0b90dd53f770bd,3000MHz ,pcpricetracker.in/gen/products/1396c5187f3d0a5a6d0b90dd53f770bd
Adata,ADATA XPG SPECTRIX D41 16GB (16GBX1) DDR4 RGB 3000MHZ RAM (AX4U3000316G16-SR41),AX4U3000316G16-SR41,pcpricetracker.in/gen/products/52ad085eaa34e23a0e3f1a9533635612,16GB ,pcpricetracker.in/gen/products/52ad085eaa34e23a0e3f1a9533635612,pcpricetracker.in/gen/products/52ad085eaa34e23a0e3f1a9533635612,3000MHZ ,pcpricetracker.in/gen/products/52ad085eaa34e23a0e3f1a9533635612
Adata,ADATA XPG SPECTRIX D50 Series 16GB (8GBx2) DDR4 3000MHz RGB,,pcpricetracker.in/gen/products/ebccf412b151f9a61e808d9ad937aff2,16GB ,pcpricetracker.in/gen/products/ebccf412b151f9a61e808d9ad937aff2,pcpricetracker.in/gen/products/ebccf412b151f9a61e808d9ad937aff2,3000MHz ,pcpricetracker.in/gen/products/ebccf412b151f9a61e808d9ad937aff2
Adata,Adata AX4U300038G16A-DT60 Desktop Ram XPG Spectrix D60G Series 16GB (8GBX2) DDR4 3000MHz RGB,AX4U300038G16A-DT60 ,pcpricetracker.in/gen/products/135cc9a017de39c5ee0f189786e6f099,16GB ,pcpricetracker.in/gen/products/135cc9a017de39c5ee0f189786e6f099,pcpricetracker.in/gen/products/135cc9a017de39c5ee0f189786e6f099,3000MHz ,pcpricetracker.in/gen/products/135cc9a017de39c5ee0f189786e6f099
Adata,ADATA XPG SPECTRIX D60G 16GB (8GBX2) RGB DDR4 3000MHz,AX4U300038G16A-DW60,pcpricetracker.in/gen/products/a32a8fc49634feeabb5a902d93406dda,16GB ,pcpricetracker.in/gen/products/a32a8fc49634feeabb5a902d93406dda,pcpricetracker.in/gen/products/a32a8fc49634feeabb5a902d93406dda,3000MHz,pcpricetracker.in/gen/products/a32a8fc49634feeabb5a902d93406dda
Adata,Adata AX4U300038G16A-SR30 Desktop Ram XPG Gammix D30 Series 8GB (8GBX1) DDR4 3000MHz Red,AX4U300038G16A-SR30 ,pcpricetracker.in/gen/products/93ce362c9110fa4f37400c9fd99c48e7,8GB ,pcpricetracker.in/gen/products/93ce362c9110fa4f37400c9fd99c48e7,pcpricetracker.in/gen/products/93ce362c9110fa4f37400c9fd99c48e7,3000MHz ,pcpricetracker.in/gen/products/93ce362c9110fa4f37400c9fd99c48e7
Adata,Adata AX4U300038G16A-ST41 Desktop Ram XPG Spectrix D41 Series 8GB (8GBX1) DDR4 3000MHz RGB,AX4U300038G16A-ST41 ,pcpricetracker.in/gen/products/b5f3d7c6e8dc0b24b7da3f0beb97d38a,8GB ,pcpricetracker.in/gen/products/b5f3d7c6e8dc0b24b7da3f0beb97d38a,pcpricetracker.in/gen/products/b5f3d7c6e8dc0b24b7da3f0beb97d38a,3000MHz ,pcpricetracker.in/gen/products/b5f3d7c6e8dc0b24b7da3f0beb97d38a
Adata,ADATA XPG SPECTRIX D50 Series 8GB (8GBx1) DDR4 3000MHz RGB,,pcpricetracker.in/gen/products/b7c042538ff959688bee22b535637998,8GB ,pcpricetracker.in/gen/products/b7c042538ff959688bee22b535637998,pcpricetracker.in/gen/products/b7c042538ff959688bee22b535637998,3000MHz ,pcpricetracker.in/gen/products/b7c042538ff959688bee22b535637998
Adata,ADATA AX4U300038G16A-ST60 Desktop Ram XPG SPECTRIX D60G Series 8GB (8GBx1) DDR4 3000MHz RGB,AX4U300038G16A-ST60 ,pcpricetracker.in/gen/products/c624deb9bde6fd73e52314a89909cc4a,8GB ,pcpricetracker.in/gen/products/c624deb9bde6fd73e52314a89909cc4a,pcpricetracker.in/gen/products/c624deb9bde6fd73e52314a89909cc4a,3000MHz ,pcpricetracker.in/gen/products/c624deb9bde6fd73e52314a89909cc4a
Adata,ADATA XPG SPECTRIX D80 16GB (8GBX2) DDR4 3000MHZ RGB  LIQUID COOLING BLACK EDITION RAM (AX4U300038G16-DB80),AX4U300038G16-DB80,pcpricetracker.in/gen/products/fca6de8113a78adc13eac5906ab7e65e,16GB ,pcpricetracker.in/gen/products/fca6de8113a78adc13eac5906ab7e65e,pcpricetracker.in/gen/products/fca6de8113a78adc13eac5906ab7e65e,3000MHZ ,pcpricetracker.in/gen/products/fca6de8113a78adc13eac5906ab7e65e
Adata,ADATA XPG SPECTRIX D80 8GB (8GBX1) DDR4 3000MHZ RGB LIQUID COOLING BLACK EDITION RAM (AX4U300038G16-SB80),AX4U300038G16-SB80,pcpricetracker.in/gen/products/5d64f1c72f12bd1d1de1f84548e2fd42,8GB ,pcpricetracker.in/gen/products/5d64f1c72f12bd1d1de1f84548e2fd42,pcpricetracker.in/gen/products/5d64f1c72f12bd1d1de1f84548e2fd42,3000MHZ ,pcpricetracker.in/gen/products/5d64f1c72f12bd1d1de1f84548e2fd42
Adata,ADATA XPG SPECTRIX D41 8GB (8GBX1) DDR4 RGB 3000MHZ RAM (AX4U300038G16-SR41),AX4U300038G16-SR41,pcpricetracker.in/gen/products/5ec200294a4515f6cf4d46eadcf71c04,8GB ,pcpricetracker.in/gen/products/5ec200294a4515f6cf4d46eadcf71c04,pcpricetracker.in/gen/products/5ec200294a4515f6cf4d46eadcf71c04,3000MHZ ,pcpricetracker.in/gen/products/5ec200294a4515f6cf4d46eadcf71c04
Adata,ADATA AX4U3000716G16A-DT50 Desktop Ram XPG SPECTRIX D50 Series 32GB (16GBx2) DDR4 3000MHz RGB,AX4U3000716G16A-DT50 ,pcpricetracker.in/gen/products/532135c612334ea602975fbd9f8bac19,32GB ,pcpricetracker.in/gen/products/532135c612334ea602975fbd9f8bac19,pcpricetracker.in/gen/products/532135c612334ea602975fbd9f8bac19,3000MHz ,pcpricetracker.in/gen/products/532135c612334ea602975fbd9f8bac19
Adata,Adata AX4U3000716G16A-SR10 Desktop Ram XPG GAMMIX D10 Series 16GB (16GBx1) DDR4 3000MHz Red,AX4U3000716G16A-SR10 ,pcpricetracker.in/gen/products/2ed298697f64892377b04029fa11f52d,16GB ,pcpricetracker.in/gen/products/2ed298697f64892377b04029fa11f52d,pcpricetracker.in/gen/products/2ed298697f64892377b04029fa11f52d,3000MHz ,pcpricetracker.in/gen/products/2ed298697f64892377b04029fa11f52d
Adata,ADATA AX4U3000716G16A-SR30 Desktop Ram XPG Gammix D30 Series 16GB (16GBx1) DDR4 3000MHz Red,AX4U3000716G16A-SR30 ,pcpricetracker.in/gen/products/6407ebd71ac915d5cf77bf7b6dafede1,16GB ,pcpricetracker.in/gen/products/6407ebd71ac915d5cf77bf7b6dafede1,pcpricetracker.in/gen/products/6407ebd71ac915d5cf77bf7b6dafede1,3000MHz ,pcpricetracker.in/gen/products/6407ebd71ac915d5cf77bf7b6dafede1
Adata,ADATA XPG SPECTRIX D50 16GB (16GBX1) DDR4 RGB 3000MHz,,pcpricetracker.in/gen/products/dfcf5485d7e895f90d9ca2ebe4485621,16GB ,pcpricetracker.in/gen/products/dfcf5485d7e895f90d9ca2ebe4485621,pcpricetracker.in/gen/products/dfcf5485d7e895f90d9ca2ebe4485621,3000MHz,pcpricetracker.in/gen/products/dfcf5485d7e895f90d9ca2ebe4485621
Adata,ADATA XPG SPECTRIX D41 16GB (16GBX1) DDR4 RGB 3200MHZ,,pcpricetracker.in/gen/products/4f766dd65a37b5e3485f1c7a4ce233b8,16GB ,pcpricetracker.in/gen/products/4f766dd65a37b5e3485f1c7a4ce233b8,pcpricetracker.in/gen/products/4f766dd65a37b5e3485f1c7a4ce233b8,3200MHZ,pcpricetracker.in/gen/products/4f766dd65a37b5e3485f1c7a4ce233b8
Adata,Adata AX4U3200316G16A-ST60 Desktop Ram XPG Spectrix D60G Series 16GB (16GBx1) DDR4 3200MHz RGB,AX4U3200316G16A-ST60 ,pcpricetracker.in/gen/products/e4be527153a0670f307025eb586ceafe,16GB ,pcpricetracker.in/gen/products/e4be527153a0670f307025eb586ceafe,pcpricetracker.in/gen/products/e4be527153a0670f307025eb586ceafe,3200MHz ,pcpricetracker.in/gen/products/e4be527153a0670f307025eb586ceafe
Adata,ADATA AX4U3200316G16-DB30 Desktop Ram XPG GAMMIX D30 Series 32GB (16GBx2) DDR4 3200MHz Black,AX4U3200316G16-DB30 ,pcpricetracker.in/gen/products/0d044819a024fa398db186f6790c1b51,32GB ,pcpricetracker.in/gen/products/0d044819a024fa398db186f6790c1b51,pcpricetracker.in/gen/products/0d044819a024fa398db186f6790c1b51,3200MHz ,pcpricetracker.in/gen/products/0d044819a024fa398db186f6790c1b51
Adata,ADATA XPG GAMMIX D30 16GB (16GBX1) DDR4 3200MHZ RAM (AX4U3200316G16-SR30),AX4U3200316G16-SR30,pcpricetracker.in/gen/products/c727ee3181958a486714fe7ff41a3da3,16GB ,pcpricetracker.in/gen/products/c727ee3181958a486714fe7ff41a3da3,pcpricetracker.in/gen/products/c727ee3181958a486714fe7ff41a3da3,3200MHZ ,pcpricetracker.in/gen/products/c727ee3181958a486714fe7ff41a3da3
Adata,ADATA XPG SPECTRIX D41 16GB (16GBX1) DDR4 RGB 3200MHZ RAM (AX4U3200316G16-SR41),AX4U3200316G16-SR41,pcpricetracker.in/gen/products/7fedfc46270aa7a8a81747a7363f6941,16GB ,pcpricetracker.in/gen/products/7fedfc46270aa7a8a81747a7363f6941,pcpricetracker.in/gen/products/7fedfc46270aa7a8a81747a7363f6941,3200MHZ ,pcpricetracker.in/gen/products/7fedfc46270aa7a8a81747a7363f6941
Adata,ADATA AX4U320038G16A-DB80 Desktop Ram XPG SPECTRIX D80 Series 16GB (8GBx2) DDR4 3200MHz RGB Hybrid Liquid Air Cooling,AX4U320038G16A-DB80 ,pcpricetracker.in/gen/products/aee475a5127b6d3cd04deaa98737bf25,16GB ,pcpricetracker.in/gen/products/aee475a5127b6d3cd04deaa98737bf25,pcpricetracker.in/gen/products/aee475a5127b6d3cd04deaa98737bf25,3200MHz ,pcpricetracker.in/gen/products/aee475a5127b6d3cd04deaa98737bf25
Adata,ADATA AX4U320038G16A-DR30 Desktop Ram XPG GAMMIX D30 Series 16GB (8GBx2) DDR4 3200MHz Red,AX4U320038G16A-DR30 ,pcpricetracker.in/gen/products/182a85bc846e87077d4fa0d39c267cf6,16GB ,pcpricetracker.in/gen/products/182a85bc846e87077d4fa0d39c267cf6,pcpricetracker.in/gen/products/182a85bc846e87077d4fa0d39c267cf6,3200MHz ,pcpricetracker.in/gen/products/182a85bc846e87077d4fa0d39c267cf6
Adata,Adata XPG Spectrix D60G 16GB (8GB x 2) 3200MHz DDR4 RGB White Memory AX4U320038G16A-DW60,AX4U320038G16A-DW60,pcpricetracker.in/gen/products/d16a20b9e50e088fe3b69c85d3921e22,16GB ,pcpricetracker.in/gen/products/d16a20b9e50e088fe3b69c85d3921e22,pcpricetracker.in/gen/products/d16a20b9e50e088fe3b69c85d3921e22,3200MHz ,pcpricetracker.in/gen/products/d16a20b9e50e088fe3b69c85d3921e22
Adata,Adata AX4U320038G16A-SR10 Desktop Ram XPG GAMMIX D10 Series 8GB (8GBx1) DDR4 3200MHz Red,AX4U320038G16A-SR10 ,pcpricetracker.in/gen/products/30a7f14a7a361b59bcb922afb0374432,8GB ,pcpricetracker.in/gen/products/30a7f14a7a361b59bcb922afb0374432,pcpricetracker.in/gen/products/30a7f14a7a361b59bcb922afb0374432,3200MHz ,pcpricetracker.in/gen/products/30a7f14a7a361b59bcb922afb0374432
Adata,Adata AX4U320038G16A-SR30 Desktop Ram XPG Gammix D30 Series 8GB (8GBX1) DDR4 3200MHz Red,AX4U320038G16A-SR30 ,pcpricetracker.in/gen/products/d3626739c60714bad8dbf57f2ac590ff,8GB ,pcpricetracker.in/gen/products/d3626739c60714bad8dbf57f2ac590ff,pcpricetracker.in/gen/products/d3626739c60714bad8dbf57f2ac590ff,3200MHz ,pcpricetracker.in/gen/products/d3626739c60714bad8dbf57f2ac590ff
Adata,ADATA XPG Spectrix D41 RGB 8GB 3200MHz PC4-24000 DDR4 Desktop U-DIMM Black Memory AX4U320038G16A-ST41,AX4U320038G16A-ST41,pcpricetracker.in/gen/products/eff797e7d608c213fa8146c74e454b4d,8GB ,pcpricetracker.in/gen/products/eff797e7d608c213fa8146c74e454b4d,pcpricetracker.in/gen/products/eff797e7d608c213fa8146c74e454b4d,3200MHz ,pcpricetracker.in/gen/products/eff797e7d608c213fa8146c74e454b4d
Adata,ADATA XPG SPECTRIX D50 Series 8GB (8GBx1) DDR4 3200MHz RGB,,pcpricetracker.in/gen/products/3e44b26312fd22ba93044ce06dd572ab,8GB ,pcpricetracker.in/gen/products/3e44b26312fd22ba93044ce06dd572ab,pcpricetracker.in/gen/products/3e44b26312fd22ba93044ce06dd572ab,3200MHz ,pcpricetracker.in/gen/products/3e44b26312fd22ba93044ce06dd572ab
Adata,ADATA XPG SPECTRIX D60G 8GB (8GBx1) DDR4 RGB 3200MHZ (AX4U320038G16A-ST60) RAM,AX4U320038G16A-ST60,pcpricetracker.in/gen/products/ea1abfef6c06d1e5c3def1769dfcc036,8GB ,pcpricetracker.in/gen/products/ea1abfef6c06d1e5c3def1769dfcc036,pcpricetracker.in/gen/products/ea1abfef6c06d1e5c3def1769dfcc036,3200MHZ ,pcpricetracker.in/gen/products/ea1abfef6c06d1e5c3def1769dfcc036
Adata,Adata AX4U320038G16-DB41 Desktop Ram XPG Spectrix D41 x TUF Gaming Series 16GB (8GBX2) DDR4 3200MHz RGB,AX4U320038G16-DB41 ,pcpricetracker.in/gen/products/620303932f26904de88bdf843f2e67bf,16GB ,pcpricetracker.in/gen/products/620303932f26904de88bdf843f2e67bf,pcpricetracker.in/gen/products/620303932f26904de88bdf843f2e67bf,3200MHz ,pcpricetracker.in/gen/products/620303932f26904de88bdf843f2e67bf
Adata,Adata AX4U320038G16-DB80 Desktop Ram XPG Spectrix D80 Series 16GB (8GBX2) DDR4 3200MHz RGB Hybrid Liquid Air Cooling,AX4U320038G16-DB80 ,pcpricetracker.in/gen/products/6e53b2782e8248dc03559fc674917824,16GB ,pcpricetracker.in/gen/products/6e53b2782e8248dc03559fc674917824,pcpricetracker.in/gen/products/6e53b2782e8248dc03559fc674917824,3200MHz ,pcpricetracker.in/gen/products/6e53b2782e8248dc03559fc674917824
Adata,ADATA XPG SPECTRIX D60G DDR4 16GB (8GBx2) DDR4 RGB 3200MHZ RAM (AX4U320038G16-DT60),AX4U320038G16-DT60,pcpricetracker.in/gen/products/b5a9407d6944b48b96f916490e4221de,16GB ,pcpricetracker.in/gen/products/b5a9407d6944b48b96f916490e4221de,pcpricetracker.in/gen/products/b5a9407d6944b48b96f916490e4221de,3200MHZ ,pcpricetracker.in/gen/products/b5a9407d6944b48b96f916490e4221de
Adata,ADATA XPG Gammix D30 Series 8GB (8GBX1) DDR4 3200MHz Memory AX4U320038G16-SR30,AX4U320038G16-SR30,pcpricetracker.in/gen/products/3fce4660c82c00ab18a2591bdad27813,8GB ,pcpricetracker.in/gen/products/3fce4660c82c00ab18a2591bdad27813,pcpricetracker.in/gen/products/3fce4660c82c00ab18a2591bdad27813,3200MHz ,pcpricetracker.in/gen/products/3fce4660c82c00ab18a2591bdad27813
Adata,ADATA XPG SPECTRIX D41 8GB (8GBX1) DDR4 RGB 3200MHZ RAM (AX4U320038G16-SR41),AX4U320038G16-SR41,pcpricetracker.in/gen/products/ab3fb14eaf76623eeaafb116610c9216,8GB ,pcpricetracker.in/gen/products/ab3fb14eaf76623eeaafb116610c9216,pcpricetracker.in/gen/products/ab3fb14eaf76623eeaafb116610c9216,3200MHZ ,pcpricetracker.in/gen/products/ab3fb14eaf76623eeaafb116610c9216
Adata,ADATA AX4U3200716G16A-SR30 Desktop Ram XPG GAMMIX D30 Series 16GB (16GBx1) DDR4 3200MHz Red,AX4U3200716G16A-SR30 ,pcpricetracker.in/gen/products/27ca7c7c39b66849bb01cd00eba41db1,16GB ,pcpricetracker.in/gen/products/27ca7c7c39b66849bb01cd00eba41db1,pcpricetracker.in/gen/products/27ca7c7c39b66849bb01cd00eba41db1,3200MHz ,pcpricetracker.in/gen/products/27ca7c7c39b66849bb01cd00eba41db1
Adata,ADATA AX4U3200716G16A-ST50 Desktop Ram XPG SPECTRIX D50 Series 16GB (16GBx1) DDR4 3200MHz RGB,AX4U3200716G16A-ST50 ,pcpricetracker.in/gen/products/88b03de56d980b5e61c15c6a0e78675d,16GB ,pcpricetracker.in/gen/products/88b03de56d980b5e61c15c6a0e78675d,pcpricetracker.in/gen/products/88b03de56d980b5e61c15c6a0e78675d,3200MHz ,pcpricetracker.in/gen/products/88b03de56d980b5e61c15c6a0e78675d
Adata,ADATA AX4U3200732G16A-ST50 Desktop Ram XPG SPECTRIX D50 Series 32GB (32GBx1) DDR4 3200MHz RGB,AX4U3200732G16A-ST50 ,pcpricetracker.in/gen/products/12dfc5e0835038b3c19409685e7212a6,32GB ,pcpricetracker.in/gen/products/12dfc5e0835038b3c19409685e7212a6,pcpricetracker.in/gen/products/12dfc5e0835038b3c19409685e7212a6,3200MHz ,pcpricetracker.in/gen/products/12dfc5e0835038b3c19409685e7212a6
Adata,ADATA AX4U3600316G18A-ST50 Desktop Ram XPG SPECTRIX D50 Series 16GB (16GBx1) DDR4 3600MHz RGB,AX4U3600316G18A-ST50 ,pcpricetracker.in/gen/products/cc7b02d9ebc9b74e308cc856c012d19e,16GB ,pcpricetracker.in/gen/products/cc7b02d9ebc9b74e308cc856c012d19e,pcpricetracker.in/gen/products/cc7b02d9ebc9b74e308cc856c012d19e,3600MHz ,pcpricetracker.in/gen/products/cc7b02d9ebc9b74e308cc856c012d19e
Adata,ADATA XPG SPECTRIX D60G 16GB (16GBX1) DDR4 3600MHZ RGB RAM,AX4U3600316G18A-ST60,pcpricetracker.in/gen/products/42bd499b95d1d5c5cecc3f8b177e8964,16GB ,pcpricetracker.in/gen/products/42bd499b95d1d5c5cecc3f8b177e8964,pcpricetracker.in/gen/products/42bd499b95d1d5c5cecc3f8b177e8964,3600MHZ ,pcpricetracker.in/gen/products/42bd499b95d1d5c5cecc3f8b177e8964
Adata,ADATA XPG SPECTRIX D41 8GB (8GBX1) DDR4 RGB 3600MHZ RAM (AX4U360038G17-SR41),AX4U360038G17-SR41,pcpricetracker.in/gen/products/2effee5f35ae94c001702b51b581e0a8,8GB ,pcpricetracker.in/gen/products/2effee5f35ae94c001702b51b581e0a8,pcpricetracker.in/gen/products/2effee5f35ae94c001702b51b581e0a8,3600MHZ ,pcpricetracker.in/gen/products/2effee5f35ae94c001702b51b581e0a8
Adata,ADATA XPG SPECTRIX D60G 16GB (8GBX2) DDR4 RGB 3600MHZ RAM (AX4U360038G18A-DT60),AX4U360038G18A-DT60,pcpricetracker.in/gen/products/808f30bb53cd4e11dcad0c63d3bc7164,16GB ,pcpricetracker.in/gen/products/808f30bb53cd4e11dcad0c63d3bc7164,pcpricetracker.in/gen/products/808f30bb53cd4e11dcad0c63d3bc7164,3600MHZ ,pcpricetracker.in/gen/products/808f30bb53cd4e11dcad0c63d3bc7164
Adata,Adata AX4U360038G18A-SR30 Desktop Ram XPG Gammix D30 Series 8GB (8GBX1) DDR4 3600MHz Red,AX4U360038G18A-SR30 ,pcpricetracker.in/gen/products/0e8797bed401eacf52fa14852617beb3,8GB ,pcpricetracker.in/gen/products/0e8797bed401eacf52fa14852617beb3,pcpricetracker.in/gen/products/0e8797bed401eacf52fa14852617beb3,3600MHz ,pcpricetracker.in/gen/products/0e8797bed401eacf52fa14852617beb3
Adata,ADATA AX4U360038G18A-ST50 Desktop Ram XPG SPECTRIX D50 Series 8GB (8GBx1) DDR4 3600MHz RGB,AX4U360038G18A-ST50 ,pcpricetracker.in/gen/products/2f5fab6efc2dfb59abc2e5fa1f83aeb8,8GB ,pcpricetracker.in/gen/products/2f5fab6efc2dfb59abc2e5fa1f83aeb8,pcpricetracker.in/gen/products/2f5fab6efc2dfb59abc2e5fa1f83aeb8,3600MHz ,pcpricetracker.in/gen/products/2f5fab6efc2dfb59abc2e5fa1f83aeb8
Adata,ADATA AX4U360038G18A-ST60 Desktop Ram XPG SPECTRIX D60G Series 8GB (8GBx1) DDR4 3600MHz RGB,AX4U360038G18A-ST60 ,pcpricetracker.in/gen/products/22660210401d350a00e6a94f0a7d6678,8GB ,pcpricetracker.in/gen/products/22660210401d350a00e6a94f0a7d6678,pcpricetracker.in/gen/products/22660210401d350a00e6a94f0a7d6678,3600MHz ,pcpricetracker.in/gen/products/22660210401d350a00e6a94f0a7d6678
Adata,Adata XPG Spectrix D41 16GB (8GBx2) 4133Mhz RGB Memory AX4U413338G19-DR41 (Red),AX4U413338G19-DR41 ,pcpricetracker.in/gen/products/8e04efd2b6f39ee8ca04f32fa6e1c935,16GB ,pcpricetracker.in/gen/products/8e04efd2b6f39ee8ca04f32fa6e1c935,pcpricetracker.in/gen/products/8e04efd2b6f39ee8ca04f32fa6e1c935,4133Mhz ,pcpricetracker.in/gen/products/8e04efd2b6f39ee8ca04f32fa6e1c935
Crucial,Crucial Ballistix 16GB Kit (2 x 8GB) DDR4 3000mhz Desktop Gaming Memory Black BL2K8G30C15U4B,BL2K8G30C15U4B,pcpricetracker.in/gen/products/9162550e9940c2a54b5f090e5904bcc7,16GB ,pcpricetracker.in/gen/products/9162550e9940c2a54b5f090e5904bcc7,pcpricetracker.in/gen/products/9162550e9940c2a54b5f090e5904bcc7,3000mhz ,pcpricetracker.in/gen/products/9162550e9940c2a54b5f090e5904bcc7
Crucial,Crucial Ballistix Sport LT 16GB 3200 MHz DDR4 White Desktop Gaming Memory BLS16G4D32AESC,BLS16G4D32AESC,pcpricetracker.in/gen/products/e1c2c4399cf06f15ae40f4cb4449ffc6,16GB ,pcpricetracker.in/gen/products/e1c2c4399cf06f15ae40f4cb4449ffc6,pcpricetracker.in/gen/products/e1c2c4399cf06f15ae40f4cb4449ffc6,3200 MHz ,pcpricetracker.in/gen/products/e1c2c4399cf06f15ae40f4cb4449ffc6
Crucial,Crucial Ballistix Sport LT 8GB 2666 MHz DDR4 Red Desktop Gaming Memory BLS8G4D26BFSEK,BLS8G4D26BFSEK,pcpricetracker.in/gen/products/e6209d9710907ba95947ce4ede757f02,8GB ,pcpricetracker.in/gen/products/e6209d9710907ba95947ce4ede757f02,pcpricetracker.in/gen/products/e6209d9710907ba95947ce4ede757f02,2666 MHz ,pcpricetracker.in/gen/products/e6209d9710907ba95947ce4ede757f02
Crucial,Crucial Ballistix Sport LT 8GB 3200 MHz DDR4 Grey Desktop Gaming Memory BLS8G4D32AESBK,BLS8G4D32AESBK,pcpricetracker.in/gen/products/293e14a33e64b454926817b95344be63,8GB ,pcpricetracker.in/gen/products/293e14a33e64b454926817b95344be63,pcpricetracker.in/gen/products/293e14a33e64b454926817b95344be63,3200 MHz ,pcpricetracker.in/gen/products/293e14a33e64b454926817b95344be63
Crucial,Crucial 16GB 2666MHz DDR4 SODIMM 260 Pin Laptop Memory CB16GS2666,CB16GS2666,pcpricetracker.in/gen/products/33e63ab273706ee7e05d8261bcac3711,16GB ,pcpricetracker.in/gen/products/33e63ab273706ee7e05d8261bcac3711,pcpricetracker.in/gen/products/33e63ab273706ee7e05d8261bcac3711,2666MHz ,pcpricetracker.in/gen/products/33e63ab273706ee7e05d8261bcac3711
Crucial,Crucial 4GB DDR4 2400MHZ SODIMM Laptop Memory CB4GS2400,CB4GS2400,pcpricetracker.in/gen/products/2787fc5894a25d28075e0d46bd8687cc,4GB ,pcpricetracker.in/gen/products/2787fc5894a25d28075e0d46bd8687cc,pcpricetracker.in/gen/products/2787fc5894a25d28075e0d46bd8687cc,2400MHZ ,pcpricetracker.in/gen/products/2787fc5894a25d28075e0d46bd8687cc
Crucial,Crucial 4GB DDR4 2400 MHz UDIMM RAM CB4GU2400,CB4GU2400,pcpricetracker.in/gen/products/e5c0f764b76850aa6740c5cc543a8005,4GB ,pcpricetracker.in/gen/products/e5c0f764b76850aa6740c5cc543a8005,pcpricetracker.in/gen/products/e5c0f764b76850aa6740c5cc543a8005,2400 MHz ,pcpricetracker.in/gen/products/e5c0f764b76850aa6740c5cc543a8005
Crucial,Crucial 8GB DDR4 2400MHZ SODIMM Laptop Memory CB8GS2400,CB8GS2400,pcpricetracker.in/gen/products/3a5995525089202899de4a56878ba484,8GB ,pcpricetracker.in/gen/products/3a5995525089202899de4a56878ba484,pcpricetracker.in/gen/products/3a5995525089202899de4a56878ba484,2400MHZ ,pcpricetracker.in/gen/products/3a5995525089202899de4a56878ba484
Crucial,Crucial Basics 8GB DDR4 2400MHZ UDIMM Desktop Memory CB8GU2400,CB8GU2400,pcpricetracker.in/gen/products/7b74dd0d84428f8b4c1a5331e7ab7854,8GB ,pcpricetracker.in/gen/products/7b74dd0d84428f8b4c1a5331e7ab7854,pcpricetracker.in/gen/products/7b74dd0d84428f8b4c1a5331e7ab7854,2400MHZ ,pcpricetracker.in/gen/products/7b74dd0d84428f8b4c1a5331e7ab7854
Crucial,Crucial 4GB DDR4 2400 MHz UDIMM RAM CT4G4DFS824A,CT4G4DFS824A,pcpricetracker.in/gen/products/2c6d5c08828d9ea5425a7943bf5e683e,4GB ,pcpricetracker.in/gen/products/2c6d5c08828d9ea5425a7943bf5e683e,pcpricetracker.in/gen/products/2c6d5c08828d9ea5425a7943bf5e683e,2400 MHz ,pcpricetracker.in/gen/products/2c6d5c08828d9ea5425a7943bf5e683e
Corcair,CORSAIR Desktop Dominator Platinum Series – 128GB (16GBx8) DDR4 3000MHz RAM (CMD128GX4M8B3000C16),CMD128GX4M8B3000C16,pcpricetracker.in/gen/products/386fdbf0c2a9c7750824cc7fb731fe2c,28GB ,pcpricetracker.in/gen/products/386fdbf0c2a9c7750824cc7fb731fe2c,pcpricetracker.in/gen/products/386fdbf0c2a9c7750824cc7fb731fe2c,3000MHz ,pcpricetracker.in/gen/products/386fdbf0c2a9c7750824cc7fb731fe2c
Corcair,CORSAIR DOMINATOR PLATINUM 16GB (2X8GB) DDR4 DRAM 2666 MHZ C15 RAM (CMD16GX4M2A2666C15),CMD16GX4M2A2666C15,pcpricetracker.in/gen/products/ca6f0dd73b4b711a344e6a45c39c1081,16GB ,pcpricetracker.in/gen/products/ca6f0dd73b4b711a344e6a45c39c1081,pcpricetracker.in/gen/products/ca6f0dd73b4b711a344e6a45c39c1081,2666 MHZ ,pcpricetracker.in/gen/products/ca6f0dd73b4b711a344e6a45c39c1081
Corcair,Corsair CMD16GX4M2B3000C15 Desktop Ram Dominator Platinum Series 16GB (8GBx2) DDR4 3000MHz,CMD16GX4M2B3000C15 ,pcpricetracker.in/gen/products/0c64724833147ce3ef83a6e8c52377de,16GB ,pcpricetracker.in/gen/products/0c64724833147ce3ef83a6e8c52377de,pcpricetracker.in/gen/products/0c64724833147ce3ef83a6e8c52377de,3000MHz,pcpricetracker.in/gen/products/0c64724833147ce3ef83a6e8c52377de
Corcair,Corsair CMD16GX4M2B3200C16 Desktop Ram Dominator Platinum Series 16GB (8GBx2) DDR4 3200MHz,CMD16GX4M2B3200C16 ,pcpricetracker.in/gen/products/4f3ffcf02232b4d5a31e3c2e4b647a96,16GB ,pcpricetracker.in/gen/products/4f3ffcf02232b4d5a31e3c2e4b647a96,pcpricetracker.in/gen/products/4f3ffcf02232b4d5a31e3c2e4b647a96,3200MHz,pcpricetracker.in/gen/products/4f3ffcf02232b4d5a31e3c2e4b647a96
Corcair,Corsair CMD16GX4M2B3600C18 Desktop Ram Dominator Platinum Series 16GB (8GBx2) DDR4 3600MHz,CMD16GX4M2B3600C18 ,pcpricetracker.in/gen/products/3b2661069e19cccebd235bf8e8167857,16GB ,pcpricetracker.in/gen/products/3b2661069e19cccebd235bf8e8167857,pcpricetracker.in/gen/products/3b2661069e19cccebd235bf8e8167857,3600MHz,pcpricetracker.in/gen/products/3b2661069e19cccebd235bf8e8167857
Corcair,Corsair CMD32GX4M2B3000C15 Desktop Ram Dominator Platinum Series 32GB (16GBx2) DDR4 3000MHz,CMD32GX4M2B3000C15 ,pcpricetracker.in/gen/products/7e15800df5d1bd431c3db9a9fa1623f2,32GB ,pcpricetracker.in/gen/products/7e15800df5d1bd431c3db9a9fa1623f2,pcpricetracker.in/gen/products/7e15800df5d1bd431c3db9a9fa1623f2,3000MHz,pcpricetracker.in/gen/products/7e15800df5d1bd431c3db9a9fa1623f2
Corcair,Corsair CMD32GX4M2C3200C16 Desktop Ram Dominator Platinum Series 32GB (16GBx2) DDR4 3200MHz,CMD32GX4M2C3200C16 ,pcpricetracker.in/gen/products/d2beb66bd21329f563468da851288056,32GB ,pcpricetracker.in/gen/products/d2beb66bd21329f563468da851288056,pcpricetracker.in/gen/products/d2beb66bd21329f563468da851288056,3200MHz,pcpricetracker.in/gen/products/d2beb66bd21329f563468da851288056
Corcair,CORSAIR Desktop Dominator Platinum Series – 32GB (8GBx4) DDR4 3000MHz RAM (CMD32GX4M4C3000C15),CMD32GX4M4C3000C15,pcpricetracker.in/gen/products/a32bc558d2e7be492203d25a4f21b4ee,32GB ,pcpricetracker.in/gen/products/a32bc558d2e7be492203d25a4f21b4ee,pcpricetracker.in/gen/products/a32bc558d2e7be492203d25a4f21b4ee,3000MHz ,pcpricetracker.in/gen/products/a32bc558d2e7be492203d25a4f21b4ee
Crucial,CORSAIR Desktop Dominator Platinum Series – 64GB (16GBx4) DDR4 3000MHz RAM (CMD64GX4M4C3000C15),CMD64GX4M4C3000C15,pcpricetracker.in/gen/products/91d8d270d97f7219b3f13c6f1ddf8ae6,64GB ,pcpricetracker.in/gen/products/91d8d270d97f7219b3f13c6f1ddf8ae6,pcpricetracker.in/gen/products/91d8d270d97f7219b3f13c6f1ddf8ae6,3000MHz ,pcpricetracker.in/gen/products/91d8d270d97f7219b3f13c6f1ddf8ae6
Corcair,CORSAIR CMK128GX4M4D3600C18 Desktop Ram VENGEANCE LPX Series 128GB (32GBx4) DDR4 3600MHz Black,CMK128GX4M4D3600C18 ,pcpricetracker.in/gen/products/7a5092f75390b47b2855c46883cadd18,28GB ,pcpricetracker.in/gen/products/7a5092f75390b47b2855c46883cadd18,pcpricetracker.in/gen/products/7a5092f75390b47b2855c46883cadd18,3600MHz ,pcpricetracker.in/gen/products/7a5092f75390b47b2855c46883cadd18
Corcair,Corsair Vengeance LPX Black 128GB (4x32GB) 3200MHz DDR4 Quad Channel Memory Kit CMK128GX4M4E3200C16,CMK128GX4M4E3200C16,pcpricetracker.in/gen/products/19d559f1f3c2e63c853828e12fdf90ca,28GB ,pcpricetracker.in/gen/products/19d559f1f3c2e63c853828e12fdf90ca,pcpricetracker.in/gen/products/19d559f1f3c2e63c853828e12fdf90ca,3200MHz ,pcpricetracker.in/gen/products/19d559f1f3c2e63c853828e12fdf90ca
Corcair,CORSAIR Desktop Vengeance LPX Series – 16GB (16GBx1) DDR4 2400MHz RAM (CMK16GX4M1A2400C16),CMK16GX4M1A2400C16,pcpricetracker.in/gen/products/7c33559b76359c3db406c7d1987e46e4,16GB ,pcpricetracker.in/gen/products/7c33559b76359c3db406c7d1987e46e4,pcpricetracker.in/gen/products/7c33559b76359c3db406c7d1987e46e4,2400MHz ,pcpricetracker.in/gen/products/7c33559b76359c3db406c7d1987e46e4
Corcair,Corsair CMK16GX4M1D3000C16 Desktop Ram Vengeance Lpx Series - 16GB (16GBx1) DDR4 3000MHz Black,CMK16GX4M1D3000C16 ,pcpricetracker.in/gen/products/70d588cb557c2ed5f9398eefa4960a30,16GB ,pcpricetracker.in/gen/products/70d588cb557c2ed5f9398eefa4960a30,pcpricetracker.in/gen/products/70d588cb557c2ed5f9398eefa4960a30,3000MHz ,pcpricetracker.in/gen/products/70d588cb557c2ed5f9398eefa4960a30
Corcair,Corsair CMK16GX4M1E3200C16 Desktop Ram Vengeance Lpx Series 16GB (16GBx1) DDR4 3200MHz,CMK16GX4M1E3200C16 ,pcpricetracker.in/gen/products/0b29d40ea63edc7650da5c3e292eaf27,16GB ,pcpricetracker.in/gen/products/0b29d40ea63edc7650da5c3e292eaf27,pcpricetracker.in/gen/products/0b29d40ea63edc7650da5c3e292eaf27,3200MHz,pcpricetracker.in/gen/products/0b29d40ea63edc7650da5c3e292eaf27
Corcair,CORSAIR Vengeance LPX 16GB DDR4 3600MHz Memory CMK16GX4M1Z3600C18,CMK16GX4M1Z3600C18,pcpricetracker.in/gen/products/c7a4c0fadc0740dfe43dca600bbab44f,16GB ,pcpricetracker.in/gen/products/c7a4c0fadc0740dfe43dca600bbab44f,pcpricetracker.in/gen/products/c7a4c0fadc0740dfe43dca600bbab44f,3600MHz ,pcpricetracker.in/gen/products/c7a4c0fadc0740dfe43dca600bbab44f
Corcair,CORSAIR VENGEANCE LPX 16GB (2 x 8GB) DDR4 DRAM 3600MHz C18 Memory Kit – Black,,pcpricetracker.in/gen/products/bc6cd2ba33f39c773360be08707356e0,16GB ,pcpricetracker.in/gen/products/bc6cd2ba33f39c773360be08707356e0,pcpricetracker.in/gen/products/bc6cd2ba33f39c773360be08707356e0,3600MHz ,pcpricetracker.in/gen/products/bc6cd2ba33f39c773360be08707356e0
Corcair,Corsair VENGEANCE® LPX 16GB (8GBX2) DDR4 DRAM 4000MHz C19 Memory Kit - Black,,pcpricetracker.in/gen/products/a182dc61ddd544c8e9f02816084315f4,16GB ,pcpricetracker.in/gen/products/a182dc61ddd544c8e9f02816084315f4,pcpricetracker.in/gen/products/a182dc61ddd544c8e9f02816084315f4,4000MHz ,pcpricetracker.in/gen/products/a182dc61ddd544c8e9f02816084315f4
Corcair,Corsair Vengeance LPX 32GB (32GBx1) DDR4 3000MHz (CMK32GX4M1D3000C16),CMK32GX4M1D3000C16,pcpricetracker.in/gen/products/11b25d23ef120242d0de4afa2eb7f4ee,32GB ,pcpricetracker.in/gen/products/11b25d23ef120242d0de4afa2eb7f4ee,pcpricetracker.in/gen/products/11b25d23ef120242d0de4afa2eb7f4ee,3000MHz ,pcpricetracker.in/gen/products/11b25d23ef120242d0de4afa2eb7f4ee
Corcair,CORSAIR VENGEANCE LPX 32GB(16GBX2) DDR4 DRAM 3600MHZ C18 RAM (BLACK),,pcpricetracker.in/gen/products/50c5dd85953f361744cb14de6d5e1697,32GB,pcpricetracker.in/gen/products/50c5dd85953f361744cb14de6d5e1697,pcpricetracker.in/gen/products/50c5dd85953f361744cb14de6d5e1697,3600MHZ ,pcpricetracker.in/gen/products/50c5dd85953f361744cb14de6d5e1697
Corcair,CORSAIR Desktop Vengeance LPX Series – 4GB (4GBx1) DDR4 2400MHz Red RAM (CMK4GX4M1A2400C16R),CMK4GX4M1A2400C16R,pcpricetracker.in/gen/products/3ab3e16ebdba17e3442d08617b74cf6b,4GB ,pcpricetracker.in/gen/products/3ab3e16ebdba17e3442d08617b74cf6b,pcpricetracker.in/gen/products/3ab3e16ebdba17e3442d08617b74cf6b,2400MHz ,pcpricetracker.in/gen/products/3ab3e16ebdba17e3442d08617b74cf6b
Corcair,CORSAIR Desktop Vengeance LPX Series – 4GB (4GBx1) DDR4 2400MHz Black RAM (CMK4GX4M1D2400C16),CMK4GX4M1D2400C16,pcpricetracker.in/gen/products/dfbcfc606c35306084b7ac7ab09e5159,4GB ,pcpricetracker.in/gen/products/dfbcfc606c35306084b7ac7ab09e5159,pcpricetracker.in/gen/products/dfbcfc606c35306084b7ac7ab09e5159,2400MHz ,pcpricetracker.in/gen/products/dfbcfc606c35306084b7ac7ab09e5159
Corcair,CORSAIR CMK64GX4M2D3600C18 Desktop Ram VENGEANCE LPX Series 64GB (32GBx2) DDR4 3600MHz Black,CMK64GX4M2D3600C18 ,pcpricetracker.in/gen/products/090eb2c50bb5b3ffa7f41dc43a195408,64GB ,pcpricetracker.in/gen/products/090eb2c50bb5b3ffa7f41dc43a195408,pcpricetracker.in/gen/products/090eb2c50bb5b3ffa7f41dc43a195408,3600MHz ,pcpricetracker.in/gen/products/090eb2c50bb5b3ffa7f41dc43a195408
Corcair,CORSAIR Vengeance LPX 64GB (2 x 32GB) DDR4 3200MHz Memory CMK64GX4M2E3200C16,CMK64GX4M2E3200C16,pcpricetracker.in/gen/products/ca46e4c1abbfef4bcdeb2bf7d850028b,64GB ,pcpricetracker.in/gen/products/ca46e4c1abbfef4bcdeb2bf7d850028b,pcpricetracker.in/gen/products/ca46e4c1abbfef4bcdeb2bf7d850028b,3200MHz ,pcpricetracker.in/gen/products/ca46e4c1abbfef4bcdeb2bf7d850028b
Corcair,CORSAIR CMK64GX4M4B3600C18 Desktop Ram VENGEANCE LPX Series 64GB (16GBx4) DDR4 3600MHz Black,CMK64GX4M4B3600C18 ,pcpricetracker.in/gen/products/0e133baf8142355a4d0a9112934d87d7,64GB ,pcpricetracker.in/gen/products/0e133baf8142355a4d0a9112934d87d7,pcpricetracker.in/gen/products/0e133baf8142355a4d0a9112934d87d7,3600MHz ,pcpricetracker.in/gen/products/0e133baf8142355a4d0a9112934d87d7
Corcair,CORSAIR CMK64GX4M4C3200C16 Desktop Ram VENGEANCE LPX Series 64GB (16GBx4) DDR4 3200MHz Black,CMK64GX4M4C3200C16 ,pcpricetracker.in/gen/products/d4e6194be832a8547a57d381214c863e,64GB ,pcpricetracker.in/gen/products/d4e6194be832a8547a57d381214c863e,pcpricetracker.in/gen/products/d4e6194be832a8547a57d381214c863e,3200MHz ,pcpricetracker.in/gen/products/d4e6194be832a8547a57d381214c863e
Corcair,CORSAIR CMK64GX4M4D3000C16 Desktop Ram VENGEANCE LPX Series 64GB (16GBx4) DDR4 3000MHz Black,CMK64GX4M4D3000C16 ,pcpricetracker.in/gen/products/03cc949db90ea66cf451749ea8d32651,64GB ,pcpricetracker.in/gen/products/03cc949db90ea66cf451749ea8d32651,pcpricetracker.in/gen/products/03cc949db90ea66cf451749ea8d32651,3000MHz ,pcpricetracker.in/gen/products/03cc949db90ea66cf451749ea8d32651
Corcair,CORSAIR CMK64GX4M4E3200C16 Desktop Ram VENGEANCE LPX Series 64GB (16GBx4) DDR4 3200MHz Black,CMK64GX4M4E3200C16 ,pcpricetracker.in/gen/products/3f52ad0be831ac4e97335991d14f9045,64GB ,pcpricetracker.in/gen/products/3f52ad0be831ac4e97335991d14f9045,pcpricetracker.in/gen/products/3f52ad0be831ac4e97335991d14f9045,3200MHz ,pcpricetracker.in/gen/products/3f52ad0be831ac4e97335991d14f9045
Corcair,CORSAIR VENGEANCE LPX 8GB (1X8GB) DDR4 DRAM 2400MHZ C16 BLACK RAM (CMK8GX4M1A2400C16),CMK8GX4M1A2400C16,pcpricetracker.in/gen/products/90b3ba76f8770af57e95924b178efad1,8GB ,pcpricetracker.in/gen/products/90b3ba76f8770af57e95924b178efad1,pcpricetracker.in/gen/products/90b3ba76f8770af57e95924b178efad1,2400MHZ ,pcpricetracker.in/gen/products/90b3ba76f8770af57e95924b178efad1
Corcair,CORSAIR Desktop Vengeance LPX Series – 8GB (8GBx1) DDR4 2400MHz Red RAM (CMK8GX4M1A2400C16R),CMK8GX4M1A2400C16R,pcpricetracker.in/gen/products/d6c8d507da455b9d6c522a82cc059fa6,8GB ,pcpricetracker.in/gen/products/d6c8d507da455b9d6c522a82cc059fa6,pcpricetracker.in/gen/products/d6c8d507da455b9d6c522a82cc059fa6,2400MHz ,pcpricetracker.in/gen/products/d6c8d507da455b9d6c522a82cc059fa6
Corcair,Corsair CMK8GX4M1D3000C16 Desktop Ram Vengeance Lpx Series 8GB (8GBx1) DDR4 3000MHz Black,CMK8GX4M1D3000C16 ,pcpricetracker.in/gen/products/f740d8bb1dd8883fd1428b099859fa10,8GB ,pcpricetracker.in/gen/products/f740d8bb1dd8883fd1428b099859fa10,pcpricetracker.in/gen/products/f740d8bb1dd8883fd1428b099859fa10,3000MHz ,pcpricetracker.in/gen/products/f740d8bb1dd8883fd1428b099859fa10
Corcair,Corsair CMK8GX4M1E3200C16 Desktop Ram Vengeance Lpx Series 8GB (8GBx1) DDR4 3200MHz,CMK8GX4M1E3200C16 ,pcpricetracker.in/gen/products/7ebd87ae95d9955b8d2b7b4e8aa9e40d,8GB ,pcpricetracker.in/gen/products/7ebd87ae95d9955b8d2b7b4e8aa9e40d,pcpricetracker.in/gen/products/7ebd87ae95d9955b8d2b7b4e8aa9e40d,3200MHz,pcpricetracker.in/gen/products/7ebd87ae95d9955b8d2b7b4e8aa9e40d
Corcair,Corsair CMK8GX4M1Z3600C18 Desktop RAM Vengeance LPX Series 8GB (8GBx1) DDR4 3600MHz Black,CMK8GX4M1Z3600C18 ,pcpricetracker.in/gen/products/3e75a9f3dcc250dbf17f641e8a3bd9a5,8GB ,pcpricetracker.in/gen/products/3e75a9f3dcc250dbf17f641e8a3bd9a5,pcpricetracker.in/gen/products/3e75a9f3dcc250dbf17f641e8a3bd9a5,3600MHz ,pcpricetracker.in/gen/products/3e75a9f3dcc250dbf17f641e8a3bd9a5
Corcair,Corsair VENGEANCE® RGB 16GB (8GBX2) DDR4 DRAM 3000MHz C16 Memory Kit - White,,pcpricetracker.in/gen/products/d1c4c6d2f4d28e1f651a63d6dfe0831a,16GB ,pcpricetracker.in/gen/products/d1c4c6d2f4d28e1f651a63d6dfe0831a,pcpricetracker.in/gen/products/d1c4c6d2f4d28e1f651a63d6dfe0831a,3000MHz ,pcpricetracker.in/gen/products/d1c4c6d2f4d28e1f651a63d6dfe0831a
Corcair,Corsair CMT16GX4M2C3000C15 Desktop Ram DOMINATOR PLATINUM RGB Series 16GB (8GBx2) DDR4 3000MHz,CMT16GX4M2C3000C15 ,pcpricetracker.in/gen/products/877e50433707da2316e1eaa2bca33af1,16GB ,pcpricetracker.in/gen/products/877e50433707da2316e1eaa2bca33af1,pcpricetracker.in/gen/products/877e50433707da2316e1eaa2bca33af1,3000MHz,pcpricetracker.in/gen/products/877e50433707da2316e1eaa2bca33af1
Corcair,CORSAIR DOMINATOR PLATINUM RGB 16GB (8GBx2) DDR4 3200MHz DESKTOP RAM (CMT16GX4M2C3200C16),CMT16GX4M2C3200C16,pcpricetracker.in/gen/products/df0a3c78a3fa01793f0936b26ad61ff0,16GB ,pcpricetracker.in/gen/products/df0a3c78a3fa01793f0936b26ad61ff0,pcpricetracker.in/gen/products/df0a3c78a3fa01793f0936b26ad61ff0,3200MHz ,pcpricetracker.in/gen/products/df0a3c78a3fa01793f0936b26ad61ff0
Corcair,Corsair CMT32GX4M2C3000C15 Desktop Ram DOMINATOR PLATINUM RGB Series 32GB (16GBx2) DDR4 3000MHz,CMT32GX4M2C3000C15 ,pcpricetracker.in/gen/products/e240412d1a98ba1320cf9a09164585c4,32GB ,pcpricetracker.in/gen/products/e240412d1a98ba1320cf9a09164585c4,pcpricetracker.in/gen/products/e240412d1a98ba1320cf9a09164585c4,3000MHz,pcpricetracker.in/gen/products/e240412d1a98ba1320cf9a09164585c4
Corcair,CORSAIR DOMINATOR PLATINUM RGB 32GB (16 GB X 2) DDR4 DRAM 3200MHZ C16 RAM (CMT32GX4M2C3200C16),CMT32GX4M2C3200C16,pcpricetracker.in/gen/products/69461411520e34ccb43dc9f458b732e0,32GB ,pcpricetracker.in/gen/products/69461411520e34ccb43dc9f458b732e0,pcpricetracker.in/gen/products/69461411520e34ccb43dc9f458b732e0,3200MHZ ,pcpricetracker.in/gen/products/69461411520e34ccb43dc9f458b732e0
Corcair,CORSAIR Desktop Value Series – 4GB (4GBx1) DDR3 1600MHz RAM (CMV4GX3M1A1600C11),CMV4GX3M1A1600C11,pcpricetracker.in/gen/products/731c2804213512895c6b9e9a7c19c8ce,4GB ,pcpricetracker.in/gen/products/731c2804213512895c6b9e9a7c19c8ce,pcpricetracker.in/gen/products/731c2804213512895c6b9e9a7c19c8ce,1600MHz ,pcpricetracker.in/gen/products/731c2804213512895c6b9e9a7c19c8ce
Corcair,CORSAIR Desktop Value Series – 4GB (4GBx1) DDR3L 1600MHz RAM (CMV4GX3M1C1600C11),CMV4GX3M1C1600C11,pcpricetracker.in/gen/products/13b6b64461f0bba91d9490e2720607c5,4GB ,pcpricetracker.in/gen/products/13b6b64461f0bba91d9490e2720607c5,pcpricetracker.in/gen/products/13b6b64461f0bba91d9490e2720607c5,1600MHz ,pcpricetracker.in/gen/products/13b6b64461f0bba91d9490e2720607c5
Corcair,CORSAIR Desktop Value Series 8gb (8GBx1) DDR3 1600MHz RAM (CMV8GX3M1A1600C11),CMV8GX3M1A1600C11,pcpricetracker.in/gen/products/893cc0701989441cd86031815d4bcaa5,8GB,pcpricetracker.in/gen/products/893cc0701989441cd86031815d4bcaa5,pcpricetracker.in/gen/products/893cc0701989441cd86031815d4bcaa5,1600MHz ,pcpricetracker.in/gen/products/893cc0701989441cd86031815d4bcaa5
Corcair,Corsair CMW16GX4M1D3000C16 Desktop Ram Vengeance RGB Pro Series - 16GB (16GBx1) DDR4 3000MHz,CMW16GX4M1D3000C16 ,pcpricetracker.in/gen/products/e0a7a530c7ca0a3c787181e4f0a7ad62,16GB ,pcpricetracker.in/gen/products/e0a7a530c7ca0a3c787181e4f0a7ad62,pcpricetracker.in/gen/products/e0a7a530c7ca0a3c787181e4f0a7ad62,3000MHz,pcpricetracker.in/gen/products/e0a7a530c7ca0a3c787181e4f0a7ad62
Corcair,Corsair CMW16GX4M1Z3200C16 Desktop Ram Vengeance RGB Pro Series - 16GB (16GBx1) DDR4 3200MHz,CMW16GX4M1Z3200C16 ,pcpricetracker.in/gen/products/94b1f087565d58667e5f072faf6b70db,16GB ,pcpricetracker.in/gen/products/94b1f087565d58667e5f072faf6b70db,pcpricetracker.in/gen/products/94b1f087565d58667e5f072faf6b70db,3200MHz,pcpricetracker.in/gen/products/94b1f087565d58667e5f072faf6b70db
Corcair,CORSAIR Desktop Vengeance RGB Pro Series – 16GB (8GBx2) DDR4 3000MHz RAM (CMW16GX4M2C3000C15),CMW16GX4M2C3000C15,pcpricetracker.in/gen/products/a5e51cd4bcf1a4a56b89d359314f7db3,16GB ,pcpricetracker.in/gen/products/a5e51cd4bcf1a4a56b89d359314f7db3,pcpricetracker.in/gen/products/a5e51cd4bcf1a4a56b89d359314f7db3,3000MHz ,pcpricetracker.in/gen/products/a5e51cd4bcf1a4a56b89d359314f7db3
Corcair,CORSAIR 16GB (8GBX2) DDR4 – 3000 MHZ C16 VENGEANCE RGB SERIES RAM (CMW16GX4M2C3000C15W),CMW16GX4M2C3000C15W,pcpricetracker.in/gen/products/66e6f7808d160d760b6cdf2ef6e350c4,16GB ,pcpricetracker.in/gen/products/66e6f7808d160d760b6cdf2ef6e350c4,pcpricetracker.in/gen/products/66e6f7808d160d760b6cdf2ef6e350c4,3000 MHZ ,pcpricetracker.in/gen/products/66e6f7808d160d760b6cdf2ef6e350c4
Corcair,CORSAIR Desktop Vengeance RGB Pro Series – 16GB (8GBx2) DDR4 3200MHz RAM (CMW16GX4M2C3200C16),CMW16GX4M2C3200C16,pcpricetracker.in/gen/products/198849c4e4f5f1fc407e3ff7747eca1b,16GB ,pcpricetracker.in/gen/products/198849c4e4f5f1fc407e3ff7747eca1b,pcpricetracker.in/gen/products/198849c4e4f5f1fc407e3ff7747eca1b,3200MHz ,pcpricetracker.in/gen/products/198849c4e4f5f1fc407e3ff7747eca1b
Corcair,CORSAIR Desktop Vengeance RGB Pro Series – 16GB (8GBx2) DDR4 3200MHz RAM White (CMW16GX4M2C3200C16W),CMW16GX4M2C3200C16W,pcpricetracker.in/gen/products/60ff1dadd3952e46b72736d6e6cd2be2,16GB ,pcpricetracker.in/gen/products/60ff1dadd3952e46b72736d6e6cd2be2,pcpricetracker.in/gen/products/60ff1dadd3952e46b72736d6e6cd2be2,3200MHz ,pcpricetracker.in/gen/products/60ff1dadd3952e46b72736d6e6cd2be2
Corcair,Corsair VENGEANCE® RGB PRO 16GB (8GBX2) DDR4 DRAM 3600MHz C18 Memory - Black,,pcpricetracker.in/gen/products/c918fa72ba86078cb7987a8d98c1dcb0,16GB ,pcpricetracker.in/gen/products/c918fa72ba86078cb7987a8d98c1dcb0,pcpricetracker.in/gen/products/c918fa72ba86078cb7987a8d98c1dcb0,3600MHz ,pcpricetracker.in/gen/products/c918fa72ba86078cb7987a8d98c1dcb0
Corcair,Corsair VENGEANCE® RGB PRO 16GB (8GBX2) DDR4 DRAM 3600MHz C18 Memory Kit - White,,pcpricetracker.in/gen/products/93f154fab646dbf06e289343b4fa669a,16GB ,pcpricetracker.in/gen/products/93f154fab646dbf06e289343b4fa669a,pcpricetracker.in/gen/products/93f154fab646dbf06e289343b4fa669a,3600MHz ,pcpricetracker.in/gen/products/93f154fab646dbf06e289343b4fa669a
Corcair,Corsair VENGEANCE® RGB PRO 16GB (8GBX2) DDR4 DRAM 3600MHz C18 Memory - White,,pcpricetracker.in/gen/products/cb2e826e910d14d71c92ec0808392326,16GB ,pcpricetracker.in/gen/products/cb2e826e910d14d71c92ec0808392326,pcpricetracker.in/gen/products/cb2e826e910d14d71c92ec0808392326,3600MHz ,pcpricetracker.in/gen/products/cb2e826e910d14d71c92ec0808392326
Corcair,Corsair VENGEANCE® RGB PRO 32GB (16GBX2) DDR4 DRAM 3000MHz C15 Memory Kit - White,,pcpricetracker.in/gen/products/8e8855221ba98d43ab71032534c13534,32GB ,pcpricetracker.in/gen/products/8e8855221ba98d43ab71032534c13534,pcpricetracker.in/gen/products/8e8855221ba98d43ab71032534c13534,3000MHz ,pcpricetracker.in/gen/products/8e8855221ba98d43ab71032534c13534
Corcair,CORSAIR VENGEANCE® RGB PRO 32GB (2 x 16GB) DDR4 DRAM 3200MHz C16 Memory Kit – Black,,pcpricetracker.in/gen/products/f86ce7f6ca04810aafd10133e3179a49,32GB ,pcpricetracker.in/gen/products/f86ce7f6ca04810aafd10133e3179a49,pcpricetracker.in/gen/products/f86ce7f6ca04810aafd10133e3179a49,3200MHz ,pcpricetracker.in/gen/products/f86ce7f6ca04810aafd10133e3179a49
Corcair,CORSAIR 32GB (2 X 16GB) DDR4 DRAM 3200MHZ C16 VENGEANCE RGB PRO SERIES – WHITE RAM,,pcpricetracker.in/gen/products/f12dd07f0c9d69f930820e717c22d015,32GB ,pcpricetracker.in/gen/products/f12dd07f0c9d69f930820e717c22d015,pcpricetracker.in/gen/products/f12dd07f0c9d69f930820e717c22d015,3200MHZ ,pcpricetracker.in/gen/products/f12dd07f0c9d69f930820e717c22d015
Corcair,CORSAIR VENGEANCE RGB PRO 32GB (16GBx2) DDR4 3600MHz RAM (BLACK),CMW32GX4M2D3600C18,pcpricetracker.in/gen/products/4b6c0c3d55b33d22b95ffe860ee0d562,32GB ,pcpricetracker.in/gen/products/4b6c0c3d55b33d22b95ffe860ee0d562,pcpricetracker.in/gen/products/4b6c0c3d55b33d22b95ffe860ee0d562,3600MHz ,pcpricetracker.in/gen/products/4b6c0c3d55b33d22b95ffe860ee0d562
Corcair,CORSAIR 8GB (1X8GB) DDR4 – 3000 MHZ C16 VENGEANCE RGB PRO SERIES RAM (CMW8GX4M1D3000C16),CMW8GX4M1D3000C16,pcpricetracker.in/gen/products/252607639c23337b6a1c0836307b7dc4,8GB ,pcpricetracker.in/gen/products/252607639c23337b6a1c0836307b7dc4,pcpricetracker.in/gen/products/252607639c23337b6a1c0836307b7dc4,3000 MHZ ,pcpricetracker.in/gen/products/252607639c23337b6a1c0836307b7dc4
Corcair,Corsair VENGEANCE RGB PRO 8GB (8GBX1) DDR4 DRAM 3200MHz C16 Memory Kit,,pcpricetracker.in/gen/products/38263f1ef3c3c5323b462a64bbac74de,8GB ,pcpricetracker.in/gen/products/38263f1ef3c3c5323b462a64bbac74de,pcpricetracker.in/gen/products/38263f1ef3c3c5323b462a64bbac74de,3200MHz ,pcpricetracker.in/gen/products/38263f1ef3c3c5323b462a64bbac74de
Corcair,CORSAIR DESKTOP RAM VENGEANCE SERIES – 4GB (4GBx1) DDR3 1600MHz RAM (CMZ4GX3M1A1600C9),CMZ4GX3M1A1600C9,pcpricetracker.in/gen/products/ba958b59467715421ab9244bad8c9f39,4GB ,pcpricetracker.in/gen/products/ba958b59467715421ab9244bad8c9f39,pcpricetracker.in/gen/products/ba958b59467715421ab9244bad8c9f39,1600MHz ,pcpricetracker.in/gen/products/ba958b59467715421ab9244bad8c9f39
Corcair,CORSAIR Desktop Vengeance Series – 8GB (8GBx1) DDR3 1600MHz RAM (CMZ8GX3M1A1600C10),CMZ8GX3M1A1600C10,pcpricetracker.in/gen/products/240c57354c5eab96a2a65b5ebd825f28,8GB ,pcpricetracker.in/gen/products/240c57354c5eab96a2a65b5ebd825f28,pcpricetracker.in/gen/products/240c57354c5eab96a2a65b5ebd825f28,1600MHz ,pcpricetracker.in/gen/products/240c57354c5eab96a2a65b5ebd825f28
Gskill,G.SKILL Aegis Series 32GB (4x8GB) 2133MHz DDR4 Memory F4-2133C15Q-32GIS,F4-2133C15Q-32GIS,pcpricetracker.in/gen/products/a15170d3167427791e3f9319a56f1a0d,32GB ,pcpricetracker.in/gen/products/a15170d3167427791e3f9319a56f1a0d,pcpricetracker.in/gen/products/a15170d3167427791e3f9319a56f1a0d,2133MHz ,pcpricetracker.in/gen/products/a15170d3167427791e3f9319a56f1a0d
Gskill,G.Skill F4-2400C15S-16GVR Desktop Ram Ripjaws V Series 16GB (16GBx1) DDR4 2400MHz Red,F4-2400C15S-16GVR ,pcpricetracker.in/gen/products/4d9ca9d478fe96f97ec665ea6f13d82f,16GB ,pcpricetracker.in/gen/products/4d9ca9d478fe96f97ec665ea6f13d82f,pcpricetracker.in/gen/products/4d9ca9d478fe96f97ec665ea6f13d82f,2400MHz ,pcpricetracker.in/gen/products/4d9ca9d478fe96f97ec665ea6f13d82f
Gskill,G.Skill F4-2400C16S-16GRS Laptop Ram Ripjaws Series 16GB (16GBx1) DDR4 2400MHz,F4-2400C16S-16GRS ,pcpricetracker.in/gen/products/597d2214ab8ef540575e3680d59ac01e,16GB ,pcpricetracker.in/gen/products/597d2214ab8ef540575e3680d59ac01e,pcpricetracker.in/gen/products/597d2214ab8ef540575e3680d59ac01e,2400MHz,pcpricetracker.in/gen/products/597d2214ab8ef540575e3680d59ac01e
Gskill,G.Skill F4-2400C16S-4GRS Laptop Ram Ripjaws Series 4GB (4GBx1) DDR4 2400MHz,F4-2400C16S-4GRS ,pcpricetracker.in/gen/products/5ace50312c5352cb7db4ec5e25261fd8,4GB ,pcpricetracker.in/gen/products/5ace50312c5352cb7db4ec5e25261fd8,pcpricetracker.in/gen/products/5ace50312c5352cb7db4ec5e25261fd8,2400MHz,pcpricetracker.in/gen/products/5ace50312c5352cb7db4ec5e25261fd8
Gskill,G.Skill F4-2400C16S-8GRS Laptop Ram Ripjaws Series 8GB (8GBx1) DDR4 2400MHz,F4-2400C16S-8GRS ,pcpricetracker.in/gen/products/0bf6331277a7cc03fa55408157a2a8b9,8GB ,pcpricetracker.in/gen/products/0bf6331277a7cc03fa55408157a2a8b9,pcpricetracker.in/gen/products/0bf6331277a7cc03fa55408157a2a8b9,2400MHz,pcpricetracker.in/gen/products/0bf6331277a7cc03fa55408157a2a8b9
Gskill,G.Skill F4-2400C17S-4GVR Desktop Ram Ripjaws V Series 4GB (4GBx1) DDR4 2400MHz Red,F4-2400C17S-4GVR ,pcpricetracker.in/gen/products/73a5d337dba7a07b6f29806eafe78251,4GB ,pcpricetracker.in/gen/products/73a5d337dba7a07b6f29806eafe78251,pcpricetracker.in/gen/products/73a5d337dba7a07b6f29806eafe78251,2400MHz ,pcpricetracker.in/gen/products/73a5d337dba7a07b6f29806eafe78251
Gskill,G.SKILL 8GB (8GB x 1) DDR4 – 2400 MHZ RIPJAWS V SERIES SINGLE CHANNEL KIT RAM (F4-2400C17S-8GVR),F4-2400C17S-8GVR,pcpricetracker.in/gen/products/adec18ad34d1d1379c57ffc26694d402,8GB ,pcpricetracker.in/gen/products/adec18ad34d1d1379c57ffc26694d402,pcpricetracker.in/gen/products/adec18ad34d1d1379c57ffc26694d402,2400 MHZ ,pcpricetracker.in/gen/products/adec18ad34d1d1379c57ffc26694d402
Gskill,G.Skill F4-2666C18S-16GRS Laptop Ram Ripjaws Series 16GB (16GBx1) DDR4 2666MHz,F4-2666C18S-16GRS ,pcpricetracker.in/gen/products/beab884bcf3a40ba7e18a1a5cdb91c64,16GB ,pcpricetracker.in/gen/products/beab884bcf3a40ba7e18a1a5cdb91c64,pcpricetracker.in/gen/products/beab884bcf3a40ba7e18a1a5cdb91c64,2666MHz,pcpricetracker.in/gen/products/beab884bcf3a40ba7e18a1a5cdb91c64
Gskill,G.Skill Ripjaws V Series 32GB (32GBx1) DDR4 2666 MHz RAM F4-2666C18S-32GVK,F4-2666C18S-32GVK,pcpricetracker.in/gen/products/d8d30671c4bf74983cd1e64270c30b56,32GB ,pcpricetracker.in/gen/products/d8d30671c4bf74983cd1e64270c30b56,pcpricetracker.in/gen/products/d8d30671c4bf74983cd1e64270c30b56,2666 MHz ,pcpricetracker.in/gen/products/d8d30671c4bf74983cd1e64270c30b56
Gskill,G.Skill F4-2666C19S-16GIS Desktop Ram Aegis Series 16GB (16GBx1) DDR4 2666MHz Black,F4-2666C19S-16GIS ,pcpricetracker.in/gen/products/4d523cfda7d41e60650107612ce4cb66,16GB ,pcpricetracker.in/gen/products/4d523cfda7d41e60650107612ce4cb66,pcpricetracker.in/gen/products/4d523cfda7d41e60650107612ce4cb66,2666MHz ,pcpricetracker.in/gen/products/4d523cfda7d41e60650107612ce4cb66
Gskill,G.Skill F4-2666C19S-16GRS Laptop Ram Ripjaws Series 16GB (16GBx1) DDR4 2666MHz,F4-2666C19S-16GRS ,pcpricetracker.in/gen/products/51c2dc398be421efdae353fdb68d86f8,16GB ,pcpricetracker.in/gen/products/51c2dc398be421efdae353fdb68d86f8,pcpricetracker.in/gen/products/51c2dc398be421efdae353fdb68d86f8,2666MHz,pcpricetracker.in/gen/products/51c2dc398be421efdae353fdb68d86f8
Gskill,G.Skill F4-2666C19S-8GRS Laptop Ram Ripjaws Series 8GB (8GBx1) DDR4 2666MHz,F4-2666C19S-8GRS ,pcpricetracker.in/gen/products/e7f049872c0f54c4d6d2444c864fb146,8GB ,pcpricetracker.in/gen/products/e7f049872c0f54c4d6d2444c864fb146,pcpricetracker.in/gen/products/e7f049872c0f54c4d6d2444c864fb146,2666MHz,pcpricetracker.in/gen/products/e7f049872c0f54c4d6d2444c864fb146
Gskill,G.Skill RipjawsV 16GB (2x8GB) RAM (F4-3000C15D-16GVRB),F4-3000C15D-16GVRB,pcpricetracker.in/gen/products/6adb676f63015caaf481dd0469da5f19,16GB ,pcpricetracker.in/gen/products/6adb676f63015caaf481dd0469da5f19,pcpricetracker.in/gen/products/6adb676f63015caaf481dd0469da5f19,,pcpricetracker.in/gen/products/6adb676f63015caaf481dd0469da5f19
Gskill,G.SKILL 16GB (8GBX2) DDR4 – 3000MHZ TRIDENT Z ROYAL SERIES RAM (F4-3000C16D-16GTRG),F4-3000C16D-16GTRG,pcpricetracker.in/gen/products/36fd84b79d3eb5c33a13f99ec86122fc,16GB ,pcpricetracker.in/gen/products/36fd84b79d3eb5c33a13f99ec86122fc,pcpricetracker.in/gen/products/36fd84b79d3eb5c33a13f99ec86122fc,3000MHZ ,pcpricetracker.in/gen/products/36fd84b79d3eb5c33a13f99ec86122fc
Gskill,G.SKILL 16GB (8GBx2) DDR4 – 3000MHZ TRIDENT Z ROYAL SERIES RAM (F4-3000C16D-16GTRS),F4-3000C16D-16GTRS,pcpricetracker.in/gen/products/91da5a62adabb9cf711747e22e895bc1,16GB ,pcpricetracker.in/gen/products/91da5a62adabb9cf711747e22e895bc1,pcpricetracker.in/gen/products/91da5a62adabb9cf711747e22e895bc1,3000MHZ ,pcpricetracker.in/gen/products/91da5a62adabb9cf711747e22e895bc1
Gskill,G.SKILL 16GB (8GBX2) 3000 MHZ DDR4 TRIDENT Z NEO RGB RAM (F4-3000C16D-16GTZN),F4-3000C16D-16GTZN,pcpricetracker.in/gen/products/e0f24f0aeae56f402fc0eb7071316bf0,16GB ,pcpricetracker.in/gen/products/e0f24f0aeae56f402fc0eb7071316bf0,pcpricetracker.in/gen/products/e0f24f0aeae56f402fc0eb7071316bf0,3000 MHZ ,pcpricetracker.in/gen/products/e0f24f0aeae56f402fc0eb7071316bf0
Gskill,G.Skill F4-3000C16D-16GTZR Desktop Ram Trident Z RGB Series 16GB (8GBx2) DDR4 3000MHz,F4-3000C16D-16GTZR ,pcpricetracker.in/gen/products/9b030f8ec88e6deab3d1e13064565247,16GB ,pcpricetracker.in/gen/products/9b030f8ec88e6deab3d1e13064565247,pcpricetracker.in/gen/products/9b030f8ec88e6deab3d1e13064565247,3000MHz,pcpricetracker.in/gen/products/9b030f8ec88e6deab3d1e13064565247
Gskill,G.SKILL 32GB (16GBX2) 3000 MHZ DDR4 TRIDENT Z NEO RGB RAM (F4-3000C16D-32GTZN),F4-3000C16D-32GTZN,pcpricetracker.in/gen/products/b0580802b626c362fb9257045f06111a,32GB ,pcpricetracker.in/gen/products/b0580802b626c362fb9257045f06111a,pcpricetracker.in/gen/products/b0580802b626c362fb9257045f06111a,3000 MHZ ,pcpricetracker.in/gen/products/b0580802b626c362fb9257045f06111a
Gskill,G.Skill F4-3000C16D-32GVRB Desktop Ram Ripjaws V Series 32GB (16GBx2) DDR4 3000MHz,F4-3000C16D-32GVRB ,pcpricetracker.in/gen/products/cb5054e432be035af90736a4e706ab91,32GB ,pcpricetracker.in/gen/products/cb5054e432be035af90736a4e706ab91,pcpricetracker.in/gen/products/cb5054e432be035af90736a4e706ab91,3000MHz,pcpricetracker.in/gen/products/cb5054e432be035af90736a4e706ab91
Gskill,G.Skill F4-3000C16S-16GISB Desktop Ram Aegis Series 16GB (16GBX1) DDR4 3000MHz,F4-3000C16S-16GISB ,pcpricetracker.in/gen/products/24869863fb88f6b14926bebe3b1e3ad9,16GB ,pcpricetracker.in/gen/products/24869863fb88f6b14926bebe3b1e3ad9,pcpricetracker.in/gen/products/24869863fb88f6b14926bebe3b1e3ad9,3000MHz,pcpricetracker.in/gen/products/24869863fb88f6b14926bebe3b1e3ad9
Gskill,G.SKILL (16GBx1) DDR4 -3000 MHZ TRIDENT-Z RGB SERIES RAM,,pcpricetracker.in/gen/products/139153346006a645463da89f8208d34f,16GB,pcpricetracker.in/gen/products/139153346006a645463da89f8208d34f,pcpricetracker.in/gen/products/139153346006a645463da89f8208d34f,3000 MHZ ,pcpricetracker.in/gen/products/139153346006a645463da89f8208d34f
Gskill,G.Skill F4-3000C16S-16GVRB Desktop Ram Ripjaws V Series 16GB (16GBX1) DDR4 3000MHz Red,F4-3000C16S-16GVRB ,pcpricetracker.in/gen/products/4f3802c05bcc10ff131d3065f5ab94b9,16GB ,pcpricetracker.in/gen/products/4f3802c05bcc10ff131d3065f5ab94b9,pcpricetracker.in/gen/products/4f3802c05bcc10ff131d3065f5ab94b9,3000MHz ,pcpricetracker.in/gen/products/4f3802c05bcc10ff131d3065f5ab94b9
Gskill,G.Skill F4-3000C16S-8GTZR Desktop Ram Trident Z RGB Series 8GB (8GBx1) DDR4 3000MHz,F4-3000C16S-8GTZR ,pcpricetracker.in/gen/products/575c6c31c255799c25de4ccc4881b8b3,8GB ,pcpricetracker.in/gen/products/575c6c31c255799c25de4ccc4881b8b3,pcpricetracker.in/gen/products/575c6c31c255799c25de4ccc4881b8b3,3000MHz,pcpricetracker.in/gen/products/575c6c31c255799c25de4ccc4881b8b3
Gskill,G.Skill F4-3000C16S-8GVRB Desktop Ram Ripjaws V Series 8GB (8GBx1) DDR4 3000MHz Red,F4-3000C16S-8GVRB ,pcpricetracker.in/gen/products/62e69846bea300e317cb3afa183a8e44,8GB ,pcpricetracker.in/gen/products/62e69846bea300e317cb3afa183a8e44,pcpricetracker.in/gen/products/62e69846bea300e317cb3afa183a8e44,3000MHz ,pcpricetracker.in/gen/products/62e69846bea300e317cb3afa183a8e44
Gskill,G.Skill Trident Z Royal Gold 32 GB (2 x 16GB) 3200 MHz DDR4 Memory F4-3200C14D-32GTRG,F4-3200C14D-32GTRG,pcpricetracker.in/gen/products/3bd896f828cd55600361f98dbcf1be3c,32 GB ,pcpricetracker.in/gen/products/3bd896f828cd55600361f98dbcf1be3c,pcpricetracker.in/gen/products/3bd896f828cd55600361f98dbcf1be3c,3200 MHz ,pcpricetracker.in/gen/products/3bd896f828cd55600361f98dbcf1be3c
Gskill,G.Skill Trident Z Series 64GB (4x16GB) 3200MHz DDR4 Memory F4-3200C14Q-64GTZSW,F4-3200C14Q-64GTZSW,pcpricetracker.in/gen/products/6de5419e36f816fe814686e490c2ca8a,64GB ,pcpricetracker.in/gen/products/6de5419e36f816fe814686e490c2ca8a,pcpricetracker.in/gen/products/6de5419e36f816fe814686e490c2ca8a,3200MHz ,pcpricetracker.in/gen/products/6de5419e36f816fe814686e490c2ca8a
Gskill,G.Skill F4-3200C16D-16GFX Desktop Ram Flare X series 16GB (8GBx2) DDR4 3200MHz Black,F4-3200C16D-16GFX ,pcpricetracker.in/gen/products/f1d31f2af41f41fb0ea9ce6411f06947,16GB ,pcpricetracker.in/gen/products/f1d31f2af41f41fb0ea9ce6411f06947,pcpricetracker.in/gen/products/f1d31f2af41f41fb0ea9ce6411f06947,3200MHz ,pcpricetracker.in/gen/products/f1d31f2af41f41fb0ea9ce6411f06947
Gskill,G.Skill Trident Z Royal Gold 16 GB (2 x 8GB) 3200 MHz DDR4 Memory F4-3200C16D-16GTRG,F4-3200C16D-16GTRG,pcpricetracker.in/gen/products/435ea0e3e1d01d588c2c199690d7db1d,16 GB ,pcpricetracker.in/gen/products/435ea0e3e1d01d588c2c199690d7db1d,pcpricetracker.in/gen/products/435ea0e3e1d01d588c2c199690d7db1d,3200 MHz ,pcpricetracker.in/gen/products/435ea0e3e1d01d588c2c199690d7db1d
Gskill,G.Skill F4-3200C16D-16GTRS Desktop Ram Trident Z Royal Series 16GB (8GBx2) DDR4 3200MHz RGB,F4-3200C16D-16GTRS ,pcpricetracker.in/gen/products/fd3706160a2e19d029f3a36cf5f4ffaf,16GB ,pcpricetracker.in/gen/products/fd3706160a2e19d029f3a36cf5f4ffaf,pcpricetracker.in/gen/products/fd3706160a2e19d029f3a36cf5f4ffaf,3200MHz ,pcpricetracker.in/gen/products/fd3706160a2e19d029f3a36cf5f4ffaf
Gskill,G.Skill F4-3200C16D-16GTZN Desktop Ram Trident Z Neo Series 16GB (8GBx2) DDR4 3200MHz RGB,F4-3200C16D-16GTZN ,pcpricetracker.in/gen/products/f05b964ba3259bbb96dde9cce7443d9c,16GB ,pcpricetracker.in/gen/products/f05b964ba3259bbb96dde9cce7443d9c,pcpricetracker.in/gen/products/f05b964ba3259bbb96dde9cce7443d9c,3200MHz ,pcpricetracker.in/gen/products/f05b964ba3259bbb96dde9cce7443d9c
Gskill,G.Skill F4-3200C16D-16GTZR Desktop Ram Trident Z RGB Series 16GB (8GBx2) DDR4 3200MHz,F4-3200C16D-16GTZR ,pcpricetracker.in/gen/products/bf71f37ba59554458e60752fce671cbb,16GB ,pcpricetracker.in/gen/products/bf71f37ba59554458e60752fce671cbb,pcpricetracker.in/gen/products/bf71f37ba59554458e60752fce671cbb,3200MHz,pcpricetracker.in/gen/products/bf71f37ba59554458e60752fce671cbb
Gskill,G.Skill RipjawsV 16GB(2x8GB) RAM (F4-3200C16D-16GVGB),F4-3200C16D-16GVGB,pcpricetracker.in/gen/products/f444b152dd8e9b68483a536bcd3d1366,16GB,pcpricetracker.in/gen/products/f444b152dd8e9b68483a536bcd3d1366,pcpricetracker.in/gen/products/f444b152dd8e9b68483a536bcd3d1366,,pcpricetracker.in/gen/products/f444b152dd8e9b68483a536bcd3d1366
Gskill,G.Skill F4-3200C16D-16GVKB Desktop Ram Ripjaws V Series 16GB (8GBx2) DDR4 3200MHz Black,F4-3200C16D-16GVKB ,pcpricetracker.in/gen/products/26b012f954d8ca68d475692ab5e16de6,16GB ,pcpricetracker.in/gen/products/26b012f954d8ca68d475692ab5e16de6,pcpricetracker.in/gen/products/26b012f954d8ca68d475692ab5e16de6,3200MHz ,pcpricetracker.in/gen/products/26b012f954d8ca68d475692ab5e16de6
Gskill,G.Skill F4-3200C16D-32GFX Desktop Ram Flare X Series 32GB (16GBx2) DDR4 3200MHz Black,F4-3200C16D-32GFX ,pcpricetracker.in/gen/products/7d895be8fb77836e17199406beb93f2a,32GB ,pcpricetracker.in/gen/products/7d895be8fb77836e17199406beb93f2a,pcpricetracker.in/gen/products/7d895be8fb77836e17199406beb93f2a,3200MHz ,pcpricetracker.in/gen/products/7d895be8fb77836e17199406beb93f2a
Gskill,G.Skill F4-3200C16D-32GTZN Desktop Ram Trident Z Neo Series 32GB (16GBx2) DDR4 3200MHz RGB,F4-3200C16D-32GTZN ,pcpricetracker.in/gen/products/7f236db767c80907b99fe72015fba4d0,32GB ,pcpricetracker.in/gen/products/7f236db767c80907b99fe72015fba4d0,pcpricetracker.in/gen/products/7f236db767c80907b99fe72015fba4d0,3200MHz ,pcpricetracker.in/gen/products/7f236db767c80907b99fe72015fba4d0
Gskill,G.Skill F4-3200C16D-32GTZR Desktop Ram Trident Z RGB Series 32GB (16GBx2) DDR4 3200MHz,F4-3200C16D-32GTZR ,pcpricetracker.in/gen/products/0e7dc7d97cb6e58a0343cbfc8563c9e5,32GB ,pcpricetracker.in/gen/products/0e7dc7d97cb6e58a0343cbfc8563c9e5,pcpricetracker.in/gen/products/0e7dc7d97cb6e58a0343cbfc8563c9e5,3200MHz,pcpricetracker.in/gen/products/0e7dc7d97cb6e58a0343cbfc8563c9e5
Gskill,G.Skill F4-3200C16D-32GVK Desktop Ram Ripjaws V Series 32GB (16GBx2) DDR4 3200MHz Black,F4-3200C16D-32GVK ,pcpricetracker.in/gen/products/d1c0f51cb50f1199ce434df4b2ea9436,32GB ,pcpricetracker.in/gen/products/d1c0f51cb50f1199ce434df4b2ea9436,pcpricetracker.in/gen/products/d1c0f51cb50f1199ce434df4b2ea9436,3200MHz ,pcpricetracker.in/gen/products/d1c0f51cb50f1199ce434df4b2ea9436
Gskill,G.SKILL F4-3200C16D-64GTZN Desktop Ram Trident Z Neo Series 64GB (32GBx2) DDR4 3200MHz RGB,F4-3200C16D-64GTZN ,pcpricetracker.in/gen/products/8d8a89ab61d2311cf802224b7c7deb76,64GB ,pcpricetracker.in/gen/products/8d8a89ab61d2311cf802224b7c7deb76,pcpricetracker.in/gen/products/8d8a89ab61d2311cf802224b7c7deb76,3200MHz ,pcpricetracker.in/gen/products/8d8a89ab61d2311cf802224b7c7deb76
Gskill,G.Skill Trident Z Series 64GB (4x16GB) 3200MHz DDR4 Memory F4-3200C16Q-64GTZ,F4-3200C16Q-64GTZ,pcpricetracker.in/gen/products/507922f060978da65f90aea77a2c0061,64GB ,pcpricetracker.in/gen/products/507922f060978da65f90aea77a2c0061,pcpricetracker.in/gen/products/507922f060978da65f90aea77a2c0061,3200MHz ,pcpricetracker.in/gen/products/507922f060978da65f90aea77a2c0061
Gskill,G.Skill F4-3200C16S-16GTZR Desktop Ram Trident Z RGB Series 16GB (16GBx1) DDR4 3200MHz,F4-3200C16S-16GTZR ,pcpricetracker.in/gen/products/eb6ee0a961fccb07a5040bff13972619,16GB ,pcpricetracker.in/gen/products/eb6ee0a961fccb07a5040bff13972619,pcpricetracker.in/gen/products/eb6ee0a961fccb07a5040bff13972619,3200MHz,pcpricetracker.in/gen/products/eb6ee0a961fccb07a5040bff13972619
Gskill,G.Skill F4-3200C16S-16GVK Desktop Ram Ripjaws V Series 16GB (16GBx1) DDR4 3200MHz Black,F4-3200C16S-16GVK ,pcpricetracker.in/gen/products/6556c6a293bbdaec058762f9df3d5900,16GB ,pcpricetracker.in/gen/products/6556c6a293bbdaec058762f9df3d5900,pcpricetracker.in/gen/products/6556c6a293bbdaec058762f9df3d5900,3200MHz ,pcpricetracker.in/gen/products/6556c6a293bbdaec058762f9df3d5900
Gskill,G.Skill F4-3200C16S-32GVK Desktop Ram Ripjaws V Series 32GB (32GBx1) DDR4 3200MHz Black,F4-3200C16S-32GVK ,pcpricetracker.in/gen/products/9412a74ec17be3af7167286290448bb4,32GB ,pcpricetracker.in/gen/products/9412a74ec17be3af7167286290448bb4,pcpricetracker.in/gen/products/9412a74ec17be3af7167286290448bb4,3200MHz ,pcpricetracker.in/gen/products/9412a74ec17be3af7167286290448bb4
Gskill,G.Skill F4-3200C16S-8GTZR Desktop Ram Trident Z RGB Series 8GB (8GBx1) DDR4 DRAM 3200MHz,F4-3200C16S-8GTZR ,pcpricetracker.in/gen/products/55fdd5f55f1a2d8d85db77924f96f36c,8GB ,pcpricetracker.in/gen/products/55fdd5f55f1a2d8d85db77924f96f36c,pcpricetracker.in/gen/products/55fdd5f55f1a2d8d85db77924f96f36c,3200MHz,pcpricetracker.in/gen/products/55fdd5f55f1a2d8d85db77924f96f36c
Gskill,G.Skill F4-3200C16S-8GVKB Desktop Ram Ripjaws V Series 8GB (8GBx1) DDR4 3200MHz Black,F4-3200C16S-8GVKB ,pcpricetracker.in/gen/products/9890ead814673f79d1bad1f7739d05a5,8GB ,pcpricetracker.in/gen/products/9890ead814673f79d1bad1f7739d05a5,pcpricetracker.in/gen/products/9890ead814673f79d1bad1f7739d05a5,3200MHz ,pcpricetracker.in/gen/products/9890ead814673f79d1bad1f7739d05a5
Gskill,G.Skill F4-3200C22S-16GRS Laptop Ram Ripjaws Series 16GB (16GBx1) DDR4 3200MHz,F4-3200C22S-16GRS ,pcpricetracker.in/gen/products/14bc510ae43eef7b42b8aaf446170fe8,16GB ,pcpricetracker.in/gen/products/14bc510ae43eef7b42b8aaf446170fe8,pcpricetracker.in/gen/products/14bc510ae43eef7b42b8aaf446170fe8,3200MHz,pcpricetracker.in/gen/products/14bc510ae43eef7b42b8aaf446170fe8
Gskill,G.Skill F4-3200C22S-8GRS Laptop Ram Ripjaws Series 8GB (8GBx1) DDR4 3200MHz,F4-3200C22S-8GRS ,pcpricetracker.in/gen/products/4c6a75b2230cd49fcf608f62eeeb907f,8GB ,pcpricetracker.in/gen/products/4c6a75b2230cd49fcf608f62eeeb907f,pcpricetracker.in/gen/products/4c6a75b2230cd49fcf608f62eeeb907f,3200MHz,pcpricetracker.in/gen/products/4c6a75b2230cd49fcf608f62eeeb907f
Gskill,G.Skill TRIDENT Z ROYAL 16GB (8GBX2) DDR4 3600MHz RGB Memory (F4-3600C16D-16GTRSC),F4-3600C16D-16GTRSC,pcpricetracker.in/gen/products/0a8a0163c0b709e9d615765e9680c495,16GB ,pcpricetracker.in/gen/products/0a8a0163c0b709e9d615765e9680c495,pcpricetracker.in/gen/products/0a8a0163c0b709e9d615765e9680c495,3600MHz ,pcpricetracker.in/gen/products/0a8a0163c0b709e9d615765e9680c495
Gskill,G.Skill Trident Z Neo Series 16GB (8GBx2) DDR4 3600MHz RGB RAM F4-3600C16D-16GTZN,F4-3600C16D-16GTZN,pcpricetracker.in/gen/products/5cd86b35e06323f7fe6425c094cfd6d1,16GB ,pcpricetracker.in/gen/products/5cd86b35e06323f7fe6425c094cfd6d1,pcpricetracker.in/gen/products/5cd86b35e06323f7fe6425c094cfd6d1,3600MHz ,pcpricetracker.in/gen/products/5cd86b35e06323f7fe6425c094cfd6d1
Gskill,G.Skill F4-3600C16D-16GTZNC Desktop Ram Trident Z Neo Series 16GB (8GBx2) DDR4 3600MHz RGB,F4-3600C16D-16GTZNC ,pcpricetracker.in/gen/products/a7821723c0329b5aaa5f682efdb186ef,16GB ,pcpricetracker.in/gen/products/a7821723c0329b5aaa5f682efdb186ef,pcpricetracker.in/gen/products/a7821723c0329b5aaa5f682efdb186ef,3600MHz ,pcpricetracker.in/gen/products/a7821723c0329b5aaa5f682efdb186ef
Gskill,G.SKILL TRIDENT Z 16GB (8GBX2) DDR4 3600MHZ RGB MEMORY (F4-3600C16D-16GTZRC),F4-3600C16D-16GTZRC,pcpricetracker.in/gen/products/068d96c582ff8bb90605c30ace63ac32,16GB ,pcpricetracker.in/gen/products/068d96c582ff8bb90605c30ace63ac32,pcpricetracker.in/gen/products/068d96c582ff8bb90605c30ace63ac32,3600MHZ ,pcpricetracker.in/gen/products/068d96c582ff8bb90605c30ace63ac32
Gskill,G.SKILL F4-3600C16D-32GTZNC Desktop Ram Trident Z Neo Series 32GB (16GBx2) DDR4 3600MHz RGB,F4-3600C16D-32GTZNC ,pcpricetracker.in/gen/products/7dcebe3c743b856d91f6862d2a33408a,32GB ,pcpricetracker.in/gen/products/7dcebe3c743b856d91f6862d2a33408a,pcpricetracker.in/gen/products/7dcebe3c743b856d91f6862d2a33408a,3600MHz ,pcpricetracker.in/gen/products/7dcebe3c743b856d91f6862d2a33408a
Gskill,G.skill Trident Z RGB Series 32GB (2x16GB) 3600 MHz DDR4 Memory F4-3600C16D-32GTZRC,F4-3600C16D-32GTZRC,pcpricetracker.in/gen/products/83fb37055cb58bc3d1ad4c160a32579a,32GB ,pcpricetracker.in/gen/products/83fb37055cb58bc3d1ad4c160a32579a,pcpricetracker.in/gen/products/83fb37055cb58bc3d1ad4c160a32579a,3600 MHz ,pcpricetracker.in/gen/products/83fb37055cb58bc3d1ad4c160a32579a
Gskill,G.skill Ripjaws V Series 32GB (2x16GB) 3600 MHz DDR4 Memory F4-3600C16D-32GVKC,F4-3600C16D-32GVKC,pcpricetracker.in/gen/products/852e1610ddf8af8c99264f4f0a9c17d7,32GB ,pcpricetracker.in/gen/products/852e1610ddf8af8c99264f4f0a9c17d7,pcpricetracker.in/gen/products/852e1610ddf8af8c99264f4f0a9c17d7,3600 MHz ,pcpricetracker.in/gen/products/852e1610ddf8af8c99264f4f0a9c17d7
Gskill,G.Skill TZ Neo Series 64GB (2x32GB) 3600 MHz DDR4 Memory F4-3600C16D-64GTZN,F4-3600C16D-64GTZN,pcpricetracker.in/gen/products/18d52381126c5863547cf3dc06dfbd29,64GB ,pcpricetracker.in/gen/products/18d52381126c5863547cf3dc06dfbd29,pcpricetracker.in/gen/products/18d52381126c5863547cf3dc06dfbd29,3600 MHz ,pcpricetracker.in/gen/products/18d52381126c5863547cf3dc06dfbd29
Gskill,G.SKILL Trident Z Neo Series 32GB (4 x 8GB) DDR4 SDRAM 3600 F4-3600C16Q-32GTZNC,F4-3600C16Q-32GTZNC,pcpricetracker.in/gen/products/f1eb997d2aedcb2acaa0148aa94c596c,32GB ,pcpricetracker.in/gen/products/f1eb997d2aedcb2acaa0148aa94c596c,pcpricetracker.in/gen/products/f1eb997d2aedcb2acaa0148aa94c596c,,pcpricetracker.in/gen/products/f1eb997d2aedcb2acaa0148aa94c596c
Gskill,G.skill Ripjaws V Series 64GB (4x16GB) 3600 MHz DDR4 Memory F4-3600C16Q-64GVKC,F4-3600C16Q-64GVKC,pcpricetracker.in/gen/products/c93882f7a964bb54f3ad3b7abcc63e79,64GB ,pcpricetracker.in/gen/products/c93882f7a964bb54f3ad3b7abcc63e79,pcpricetracker.in/gen/products/c93882f7a964bb54f3ad3b7abcc63e79,3600 MHz ,pcpricetracker.in/gen/products/c93882f7a964bb54f3ad3b7abcc63e79
Gskill,G.SKILL 16GB (8GBX2) DDR4 – 3600 MHZ TRIDENT Z RGB SERIES RAM (F4-3600C17D-16GTZR),F4-3600C17D-16GTZR,pcpricetracker.in/gen/products/4f0338bc8930df9156712edec76039b6,16GB ,pcpricetracker.in/gen/products/4f0338bc8930df9156712edec76039b6,pcpricetracker.in/gen/products/4f0338bc8930df9156712edec76039b6,3600 MHZ ,pcpricetracker.in/gen/products/4f0338bc8930df9156712edec76039b6
Gskill,G.Skill F4-3600C18D-16GTZN Desktop Ram Trident Z Neo Series 16GB (8GBx2) DDR4 3600MHz RGB,F4-3600C18D-16GTZN ,pcpricetracker.in/gen/products/64440ade9237f20f4db49a142ee8a07a,16GB ,pcpricetracker.in/gen/products/64440ade9237f20f4db49a142ee8a07a,pcpricetracker.in/gen/products/64440ade9237f20f4db49a142ee8a07a,3600MHz ,pcpricetracker.in/gen/products/64440ade9237f20f4db49a142ee8a07a
Gskill,G.skill Trident Z RGB Series 16GB (2x8GB) 3600 MHz DDR4 Memory F4-3600C18D-16GTZR,F4-3600C18D-16GTZR,pcpricetracker.in/gen/products/23f710a130925e683373c2afe6009659,16GB ,pcpricetracker.in/gen/products/23f710a130925e683373c2afe6009659,pcpricetracker.in/gen/products/23f710a130925e683373c2afe6009659,3600 MHz ,pcpricetracker.in/gen/products/23f710a130925e683373c2afe6009659
Gskill,G.Skill F4-3600C18D-16GTZRX Desktop Ram Trident Z RGB Series 16GB (8GBX2) DDR4 3600MHz (For AMD),F4-3600C18D-16GTZRX ,pcpricetracker.in/gen/products/1729549f4e5ae9dd35cd82c0ce0cd021,16GB ,pcpricetracker.in/gen/products/1729549f4e5ae9dd35cd82c0ce0cd021,pcpricetracker.in/gen/products/1729549f4e5ae9dd35cd82c0ce0cd021,3600MHz ,pcpricetracker.in/gen/products/1729549f4e5ae9dd35cd82c0ce0cd021
Gskill,G.Skill F4-3600C18D-16GVK Desktop Ram Ripjaws V Series 16GB (8GBX2) DDR4 3600MHz Black,F4-3600C18D-16GVK ,pcpricetracker.in/gen/products/e8864f85512ae3a1b038a8f23fe3d02f,16GB ,pcpricetracker.in/gen/products/e8864f85512ae3a1b038a8f23fe3d02f,pcpricetracker.in/gen/products/e8864f85512ae3a1b038a8f23fe3d02f,3600MHz ,pcpricetracker.in/gen/products/e8864f85512ae3a1b038a8f23fe3d02f
Gskill,G.Skill F4-3600C18D-32GTZN Desktop Ram Trident Z Neo Series 32GB (16GBx2) DDR4 3600MHz RGB,F4-3600C18D-32GTZN ,pcpricetracker.in/gen/products/d719249ed074c8cbf34b93f9e123edf5,32GB ,pcpricetracker.in/gen/products/d719249ed074c8cbf34b93f9e123edf5,pcpricetracker.in/gen/products/d719249ed074c8cbf34b93f9e123edf5,3600MHz ,pcpricetracker.in/gen/products/d719249ed074c8cbf34b93f9e123edf5
Gskill,G.Skill F4-3600C18D-32GTZR Desktop Ram Trident Z RGB Series 32GB (16GBx2) DDR4 3600MHz,F4-3600C18D-32GTZR ,pcpricetracker.in/gen/products/90c5853c1e0b75d0d7e0728576e0b3da,32GB ,pcpricetracker.in/gen/products/90c5853c1e0b75d0d7e0728576e0b3da,pcpricetracker.in/gen/products/90c5853c1e0b75d0d7e0728576e0b3da,3600MHz,pcpricetracker.in/gen/products/90c5853c1e0b75d0d7e0728576e0b3da
Gskill,G.Skill F4-3600C18D-32GVK Desktop Ram Ripjaws V Series 32GB (16GBx2) DDR4 3600MHz Black,F4-3600C18D-32GVK ,pcpricetracker.in/gen/products/db1f12bf88db02f03f77ffb0b8f32d66,32GB ,pcpricetracker.in/gen/products/db1f12bf88db02f03f77ffb0b8f32d66,pcpricetracker.in/gen/products/db1f12bf88db02f03f77ffb0b8f32d66,3600MHz ,pcpricetracker.in/gen/products/db1f12bf88db02f03f77ffb0b8f32d66
Gskill,G.SKILL F4-3600C18D-64GTZN Desktop Ram Trident Z Neo Series 64GB (32GBx2) DDR4 3600MHz RGB,F4-3600C18D-64GTZN ,pcpricetracker.in/gen/products/0185f9940071f8b5d5cf9a4fe0925899,64GB ,pcpricetracker.in/gen/products/0185f9940071f8b5d5cf9a4fe0925899,pcpricetracker.in/gen/products/0185f9940071f8b5d5cf9a4fe0925899,3600MHz ,pcpricetracker.in/gen/products/0185f9940071f8b5d5cf9a4fe0925899
Gskill,G.SKILL F4-3600C18D-64GVK Desktop Ram Ripjaws V Series 64GB (32GBx2) DDR4 3600MHz Black,F4-3600C18D-64GVK ,pcpricetracker.in/gen/products/e47fd3bddfd5f0cc8a85a3fb08f0384f,64GB ,pcpricetracker.in/gen/products/e47fd3bddfd5f0cc8a85a3fb08f0384f,pcpricetracker.in/gen/products/e47fd3bddfd5f0cc8a85a3fb08f0384f,3600MHz ,pcpricetracker.in/gen/products/e47fd3bddfd5f0cc8a85a3fb08f0384f
Gskill,G.SKILL Ripjaws V Series 128GB (4x32GB) DDR4 3600MHz Black Memory F4-3600C18Q-128GVK,F4-3600C18Q-128GVK,pcpricetracker.in/gen/products/4e8bf38d32f283ad24106eae3ebd16f1,28GB ,pcpricetracker.in/gen/products/4e8bf38d32f283ad24106eae3ebd16f1,pcpricetracker.in/gen/products/4e8bf38d32f283ad24106eae3ebd16f1,3600MHz ,pcpricetracker.in/gen/products/4e8bf38d32f283ad24106eae3ebd16f1
Gskill,G.skill Ripjaws V Series 64GB (4x16GB) 3600 MHz DDR4 Memory F4-3600C18Q-64GVK,F4-3600C18Q-64GVK,pcpricetracker.in/gen/products/c499fa1479bd6803b6e522e5e4d0f0d0,64GB ,pcpricetracker.in/gen/products/c499fa1479bd6803b6e522e5e4d0f0d0,pcpricetracker.in/gen/products/c499fa1479bd6803b6e522e5e4d0f0d0,3600 MHz ,pcpricetracker.in/gen/products/c499fa1479bd6803b6e522e5e4d0f0d0
Gskill,G.SKILL Sniper X 16GB (2 x 8GB) DDR4 3600 Desktop Memory F4-3600C19D-16GSXKB,F4-3600C19D-16GSXKB,pcpricetracker.in/gen/products/5406eba66d25380eb71e8960de0314dd,16GB ,pcpricetracker.in/gen/products/5406eba66d25380eb71e8960de0314dd,pcpricetracker.in/gen/products/5406eba66d25380eb71e8960de0314dd,,pcpricetracker.in/gen/products/5406eba66d25380eb71e8960de0314dd
Gskill,G.SKILL Sniper X Series 16GB (2x8GB) 3600MHz DDR4 Memory F4-3600C19D-16GSXWB,F4-3600C19D-16GSXWB,pcpricetracker.in/gen/products/19d49c8eb80e4c5cb8178bfc17b067e6,16GB ,pcpricetracker.in/gen/products/19d49c8eb80e4c5cb8178bfc17b067e6,pcpricetracker.in/gen/products/19d49c8eb80e4c5cb8178bfc17b067e6,3600MHz ,pcpricetracker.in/gen/products/19d49c8eb80e4c5cb8178bfc17b067e6
Gskill,G.Skill F4-3600C19D-16GTZRB Desktop Ram Trident Z RGB Series 16GB (8GBx2) DDR4 3600MHz,F4-3600C19D-16GTZRB ,pcpricetracker.in/gen/products/31a63bb844d1eeb2c9aa86367fc8a01a,16GB ,pcpricetracker.in/gen/products/31a63bb844d1eeb2c9aa86367fc8a01a,pcpricetracker.in/gen/products/31a63bb844d1eeb2c9aa86367fc8a01a,3600MHz,pcpricetracker.in/gen/products/31a63bb844d1eeb2c9aa86367fc8a01a
Gskill,G.Skill F4-3600C19S-16GVRB Desktop Ram Ripjaws V Series 16GB (16GBx1) DDR4 3600MHz Red,F4-3600C19S-16GVRB ,pcpricetracker.in/gen/products/199d27012c052b47ac61d1da003a6717,16GB ,pcpricetracker.in/gen/products/199d27012c052b47ac61d1da003a6717,pcpricetracker.in/gen/products/199d27012c052b47ac61d1da003a6717,3600MHz ,pcpricetracker.in/gen/products/199d27012c052b47ac61d1da003a6717
Gskill,G.Skill F4-3600C19S-8GVRB Desktop Ram Ripjaws V Series 8GB (8GBx1) DDR4 DRAM 3600MHz Red,F4-3600C19S-8GVRB ,pcpricetracker.in/gen/products/4be608171313d640570f7e24408431c7,8GB ,pcpricetracker.in/gen/products/4be608171313d640570f7e24408431c7,pcpricetracker.in/gen/products/4be608171313d640570f7e24408431c7,3600MHz ,pcpricetracker.in/gen/products/4be608171313d640570f7e24408431c7
Gskill,G.Skill F4-4000C18D-16GTZRB Desktop Ram Trident Z RGB Series 16GB (8GBx2) DDR4 4000MHz,F4-4000C18D-16GTZRB ,pcpricetracker.in/gen/products/b5abfdc3f76cc2e5c0160422a24c2944,16GB ,pcpricetracker.in/gen/products/b5abfdc3f76cc2e5c0160422a24c2944,pcpricetracker.in/gen/products/b5abfdc3f76cc2e5c0160422a24c2944,4000MHz,pcpricetracker.in/gen/products/b5abfdc3f76cc2e5c0160422a24c2944
Gskill,G.Skill RIPJAWS V 16GB (8GBX2) DDR4 4000MHz Memory,,pcpricetracker.in/gen/products/f539553e5ac1c35f71aa3fe631aa9cdc,16GB ,pcpricetracker.in/gen/products/f539553e5ac1c35f71aa3fe631aa9cdc,pcpricetracker.in/gen/products/f539553e5ac1c35f71aa3fe631aa9cdc,4000MHz ,pcpricetracker.in/gen/products/f539553e5ac1c35f71aa3fe631aa9cdc
Gskill,G.SKILL F4-4000C19D-32GTZR Desktop Ram Trident Z RGB Series 32GB (16GBx2) DDR4 4000MHz,F4-4000C19D-32GTZR ,pcpricetracker.in/gen/products/d36615313ad241fc7f1d48eacd680ba4,32GB ,pcpricetracker.in/gen/products/d36615313ad241fc7f1d48eacd680ba4,pcpricetracker.in/gen/products/d36615313ad241fc7f1d48eacd680ba4,4000MHz,pcpricetracker.in/gen/products/d36615313ad241fc7f1d48eacd680ba4
Gskill,G.Skill TRIDENT Z 16GB (8GBX2) DDR4 4133MHz RGB Memory (F4-4133C19D-16GTZKW),F4-4133C19D-16GTZKW,pcpricetracker.in/gen/products/2dbb04d18d61e2d8205479f4447f8a45,16GB ,pcpricetracker.in/gen/products/2dbb04d18d61e2d8205479f4447f8a45,pcpricetracker.in/gen/products/2dbb04d18d61e2d8205479f4447f8a45,4133MHz ,pcpricetracker.in/gen/products/2dbb04d18d61e2d8205479f4447f8a45
Gskill,G.Skill F4-4266C19D-16GTZR Desktop Ram Trident Z RGB Series 16GB (8GBx2) DDR4 4266MHz,F4-4266C19D-16GTZR ,pcpricetracker.in/gen/products/09c7642d8fd4085b8bbbfb4b8fbf18b2,16GB ,pcpricetracker.in/gen/products/09c7642d8fd4085b8bbbfb4b8fbf18b2,pcpricetracker.in/gen/products/09c7642d8fd4085b8bbbfb4b8fbf18b2,4266MHz,pcpricetracker.in/gen/products/09c7642d8fd4085b8bbbfb4b8fbf18b2
Antec,Antec AM4U32168G11-7DKR Desktop Ram Katana 7 Series 16GB (8GBx2) DDR4 3200MHz ARGB,AM4U32168G11-7DKR ,pcpricetracker.in/gen/products/6c1e1dbc8f286a0d8719f8cf5d257db5,16GB ,pcpricetracker.in/gen/products/6c1e1dbc8f286a0d8719f8cf5d257db5,pcpricetracker.in/gen/products/6c1e1dbc8f286a0d8719f8cf5d257db5,3200MHz ,pcpricetracker.in/gen/products/6c1e1dbc8f286a0d8719f8cf5d257db5
Antec,Antec Katana 7 16GB (8GBx2) DDR4 3600MHz ARGB,,pcpricetracker.in/gen/products/a9e1197e8ee0a719132390057603a545,16GB ,pcpricetracker.in/gen/products/a9e1197e8ee0a719132390057603a545,pcpricetracker.in/gen/products/a9e1197e8ee0a719132390057603a545,3600MHz ,pcpricetracker.in/gen/products/a9e1197e8ee0a719132390057603a545
Gigabyte,GIGABYTE GP-AR32C16S8K2HU416R Desktop Ram 16GB (8GBx2) DDR4 3200MHz RGB,GP-AR32C16S8K2HU416R ,pcpricetracker.in/gen/products/315ecb5d3f93ea39dc7ffea50cddbf3b,16GB ,pcpricetracker.in/gen/products/315ecb5d3f93ea39dc7ffea50cddbf3b,pcpricetracker.in/gen/products/315ecb5d3f93ea39dc7ffea50cddbf3b,3200MHz ,pcpricetracker.in/gen/products/315ecb5d3f93ea39dc7ffea50cddbf3b
Gigabyte,Gigabyte GP-AR36C18S8K2HU416R Desktop Ram Aorus RGB Series 16GB (8GBx2) DDR4 3600MHz,GP-AR36C18S8K2HU416R ,pcpricetracker.in/gen/products/880dc0a9839d895f12aba3fb41474463,16GB ,pcpricetracker.in/gen/products/880dc0a9839d895f12aba3fb41474463,pcpricetracker.in/gen/products/880dc0a9839d895f12aba3fb41474463,3600MHz,pcpricetracker.in/gen/products/880dc0a9839d895f12aba3fb41474463
Gigabyte,Gigabyte AORUS RGB 16GB (8GBx2) DDR4 4400MHz (GP-ARS16G44),GP-ARS16G44,pcpricetracker.in/gen/products/a60037016984766f8b90587c8ef7c750,16GB ,pcpricetracker.in/gen/products/a60037016984766f8b90587c8ef7c750,pcpricetracker.in/gen/products/a60037016984766f8b90587c8ef7c750,4400MHz ,pcpricetracker.in/gen/products/a60037016984766f8b90587c8ef7c750
